식품명,조리상태,에너지(kcal),탄수화물(g),단백질(g),지방(g),당류(g)
귀리,생것,380,67.71,11.4,7.35,0.32
귀리,밥,218,36.54,6.51,5.36,0.42
귀리,오트밀,382,64.9,13.2,8.2,0.0
기장,생것,360,74.6,11.2,1.9,0.0
메밀,생것,363,67.84,13.64,3.38,0.3
메밀,가루,374,71.36,12.96,3.29,0.3
메밀 국수,생것,291,61.14,7.59,0.96,0.0
메밀 국수,삶은것,124,25.73,3.54,0.44,0.0
메밀 국수,말린것,372,74.41,13.58,1.27,2.77
메밀 냉면,말린것,360,73.66,10.74,1.44,0.0
메밀 냉면,삶은것,141,28.71,4.22,0.59,0.0
메밀묵,-,58,12.8,0.86,0.23,0.0
메밀묵,가루,371,77.39,8.33,2.04,0.3
멥쌀,생것,343,75.8,6.5,2.0,0.6
멥쌀,밥,146,31.71,2.65,0.33,0.01
멥쌀,죽,53,11.45,0.99,0.15,0.0
멥쌀,가루,343,78.5,6.2,0.9,0.1
멥쌀밥,쪄서 말린것,373,83.7,5.2,0.1,0.0
누룽지,-,393,86.8,6.8,0.2,0.0
즉석밥,누룽지,415,90.98,6.64,0.84,1.14
즉석밥,끓는물 부음,69,15.06,1.32,0.1,1.15
즉석밥,백미,152,33.59,2.11,0.28,1.04
즉석밥,잡곡밥,150,33.76,2.83,0.38,0.03
멥쌀 과자,-,469,78.2,3.2,15.9,0.0
멥쌀 과자,팽화,395,89.96,4.11,2.13,29.97
멥쌀 국수,말린것,340,72.6,9.1,1.5,0.0
멥쌀떡,가래떡,213,48.8,3.71,0.37,0.09
멥쌀떡,흑미,205,47.8,3.5,0.0,0.0
멥쌀떡,개피떡,207,45.6,4.3,0.8,0.0
멥쌀떡,쑥,206,45.2,4.5,0.8,0.0
멥쌀떡,꿀떡,210,46.14,3.09,1.46,7.39
멥쌀떡,무지개떡,229,53.0,3.5,0.3,0.0
멥쌀떡,백설기,245,53.45,3.99,0.52,9.61
멥쌀떡,검정콩,229,48.31,5.75,1.46,2.07
멥쌀떡,팥,200,43.6,5.4,0.4,0.0
멥쌀떡,깨,224,44.01,5.9,2.74,6.44
멥쌀떡,동부,190,40.29,5.65,0.66,3.18
멥쌀떡,절편,215,49.04,3.69,0.49,0.1
멥쌀떡,증편,195,44.66,3.02,0.43,8.74
미숫가루,혼합곡물,398,76.17,14.52,5.48,1.06
밀,생것,333,75.8,10.6,1.0,0.0
밀,말린것,334,71.16,13.74,1.91,4.37
밀,강력밀가루,334,72.89,13.59,1.11,0.0
밀,도넛가루,404,73.9,8.5,6.8,0.0
밀,박력밀가루,374,77.73,9.15,0.94,0.0
밀,부침가루,368,75.52,9.8,0.98,3.49
밀,빵가루,392,77.04,11.95,2.05,4.74
밀,중력밀가루,375,76.64,10.34,1.01,0.0
밀,통밀가루,365,71.5,11.9,1.6,0.0
밀,튀김가루,367,78.41,7.22,0.8,0.0
밀,팬케이크가루,394,75.9,7.9,4.9,0.0
과자,건빵,419,75.37,9.92,8.67,16.84
과자,대추꿀약과,428,65.7,4.5,16.3,0.0
과자,마카로니,457,71.28,11.5,13.96,0.93
과자,밤,330,70.86,6.35,2.39,42.45
과자,모나카,346,82.62,3.35,0.29,36.58
과자,바닐라 웨하스,521,65.6,4.1,26.9,0.0
과자,소프트,489,60.34,5.7,24.93,23.46
과자,하드,534,62.63,6.68,28.58,9.21
과자,팽화,383,82.29,11.06,1.07,1.74
과자,사과파이,471,64.98,5.5,21.0,22.83
과자,새우,494,66.32,6.04,22.77,4.0
과자,옥수수,520,65.73,5.25,26.27,2.01
과자,약과,422,71.7,3.8,13.3,0.0
과자,김,420,82.8,6.7,6.9,0.0
과자,초코볼,501,70.2,4.3,22.5,0.0
과자,초코파이,428,67.59,4.29,15.57,31.18
과자,땅콩버터,493,67.97,8.36,20.87,22.42
과자,버터,512,66.47,6.37,24.52,16.45
과자,초코칩,494,71.38,5.92,20.55,23.18
과자,통밀,471,72.73,6.48,17.17,16.62
과자,크랙커,513,58.8,7.0,27.8,0.0
과자,땅콩샌드,524,64.23,7.66,26.24,14.64
과자,채소,506,68.26,7.38,22.62,12.12
과자,치즈샌드,497,68.24,6.08,22.23,14.69
국수,생것,291,60.09,7.25,0.87,7.39
국수,말린것,368,74.41,10.38,1.24,2.57
국수,삶은것,123,24.7,3.55,0.44,0.0
라면,말린것,445,69.05,8.23,14.28,0.0
라면,삶은것,175,29.65,3.61,4.17,0.0
마카로니,말린것,380,77.1,12.2,0.4,0.0
마카로니,삶은것,126,25.8,3.8,0.2,0.0
스파게티면,말린것,365,76.64,11.78,1.28,1.39
스파게티면,삶은것,129,26.9,3.8,0.0,0.0
우동면,생것,164,33.09,3.33,1.25,0.0
우동면,삶은것,139,29.12,2.95,0.46,0.0
중국국수면,생것,249,55.7,8.6,1.2,1.0
중국국수면,삶은것,133,29.2,4.9,0.6,0.1
쫄면,말린것,348,71.29,9.16,1.08,4.5
칼국수면,생것,303,63.02,7.25,0.87,0.0
칼국수면,삶은것,140,28.98,3.49,0.43,0.0
칼국수면,반건조,281,57.5,6.4,1.4,0.0
빵,건포도빵,263,51.1,8.2,3.5,0.0
빵,곰보빵,415,61.44,9.5,14.54,17.01
빵,꽈배기,404,47.2,7.9,20.4,0.0
빵,난,257,47.6,10.3,3.4,0.0
빵,링,426,40.6,7.3,26.0,0.0
빵,팥,347,45.7,6.6,15.3,0.0
빵,소프트,309,48.6,10.1,9.0,6.4
빵,하드,293,52.7,9.9,4.3,1.77
빵,마늘빵,424,57.5,9.8,17.2,0.0
빵,우유,296,41.4,6.9,11.4,0.0
빵,잉글리쉬,235,46.0,7.7,1.8,0.0
빵,모닝빵,316,58.99,9.06,4.91,11.33
빵,모카빵,354,63.29,8.31,7.53,15.43
빵,바게트,289,57.5,9.4,1.3,1.8
빵,베이글,270,54.6,9.6,2.0,4.8
빵,달걀,278,53.0,10.6,2.1,0.0
빵,소시지빵,323,33.0,10.59,16.52,5.05
빵,식빵,279,49.68,9.01,4.91,4.12
빵,옥수수,270,50.45,9.44,3.42,5.32
빵,옥수수빵,321,49.1,7.4,10.2,0.0
빵,와플,291,32.9,7.9,14.1,0.0
빵,단호박,239,52.4,5.4,0.9,0.0
빵,채소,231,37.3,8.1,5.5,0.0
빵,카스텔라,299,59.46,6.91,3.72,24.85
빵,크루아상,438,43.9,7.9,26.8,0.0
빵,버터,406,45.8,8.2,21.0,11.26
빵,크로켓,307,29.7,6.0,18.2,0.0
빵,크림빵,275,45.5,6.0,7.7,0.0
빵,팥빵,253,48.51,7.57,3.17,16.37
빵,페이스트리,457,46.5,8.6,26.3,0.0
빵,과일,371,47.8,5.4,18.5,27.53
빵,치즈,374,37.2,8.0,21.9,6.95
빵,피칸파이,407,59.61,4.5,16.69,25.18
케이크,과일,324,61.6,2.9,9.1,27.42
케이크,롤 케이크,369,39.24,7.51,20.22,17.41
케이크,배 케이크,296,43.5,6.2,10.8,0.0
케이크,생크림 블루베리,280,24.39,3.03,18.88,22.87
케이크,스폰지 케이크,352,47.2,6.6,15.2,0.0
케이크,엔젤푸드 케이크,258,57.8,5.9,0.8,0.0
케이크,초콜릿 케이크,417,49.31,5.23,22.09,38.19
케이크,치즈 케이크,331,28.82,5.87,21.32,17.61
케이크,파운드 케이크,408,49.65,5.66,20.71,17.43
케이크,팬케이크,227,28.3,6.4,9.7,0.0
보리,생것,349,76.89,8.75,1.67,0.92
보리,압맥,343,75.38,8.74,1.66,0.1
보리,할맥,354,77.71,9.3,1.67,1.62
보리,밥,144,31.79,3.55,0.7,0.37
보리,가루,357,76.48,11.16,1.83,0.3
보리,껍질 포함,364,76.09,10.95,2.99,0.0
보리,볶은것,360,74.1,12.7,2.6,0.0
보리,엿기름,358,71.68,14.65,2.71,10.24
수수,생것,374,73.63,11.67,3.01,0.46
수수떡,수수경단,218,43.1,8.2,1.4,0.0
시리얼,쌀,390,86.99,6.65,1.68,21.72
시리얼,옥수수,378,88.05,5.11,0.59,39.55
시리얼,건조과일,395,84.66,5.81,3.65,35.14
시리얼,코코넛,434,80.93,5.56,9.75,29.49
시리얼,아몬드,426,78.18,7.3,9.29,34.79
시리얼,코코아,407,85.78,6.08,4.34,40.91
시리얼,현미,394,85.33,6.8,2.79,17.24
아마란스,말린것,383,67.27,17.09,5.94,1.65
옥수수,생것,118,23.39,4.01,1.5,4.91
옥수수,삶은것,118,23.53,3.99,1.47,4.2
옥수수,찐것,135,29.1,4.2,0.7,0.0
옥수수,구운것,372,78.3,8.9,3.9,0.0
옥수수,말린것,358,74.12,9.94,3.83,1.94
옥수수,가루,364,83.3,7.32,0.97,0.54
옥수수 과자,강냉이,409,87.9,7.16,3.25,13.52
옥수수 과자,전자레인지 조리,497,61.18,8.12,27.28,0.0
옥수수 과자,캐러멜맛,459,77.74,4.77,14.36,34.78
옥수수,가당,105,22.45,2.07,0.73,4.17
옥수수,크림,82,18.6,1.7,0.5,0.0
옥수수묵,-,55,12.6,1.1,0.0,0.0
옥수수 샐러드,콘샐러드,104,22.4,3.2,0.2,0.0
율무,생것,377,70.5,15.4,3.2,0.0
율무,죽,44,9.5,0.5,0.4,0.0
율무 국수,말린것,368,74.6,13.2,1.2,0.0
잡곡,생것,358,73.4,9.79,2.09,0.93
조,생것,373,71.7,11.48,3.91,0.71
조,찐것,115,22.71,3.14,1.13,0.0
찹쌀,생것,363,78.17,6.64,0.99,0.29
찹쌀,밥,155,33.93,2.58,0.33,0.0
찹쌀,죽,53,11.3,0.91,0.28,0.0
찹쌀,가루,375,82.08,6.44,0.57,0.08
찹쌀 과자,검정깨,475,48.3,13.8,25.2,0.0
찹쌀 과자,송화,343,76.1,4.4,2.3,0.0
찹쌀 과자,산자,417,75.6,2.0,11.8,0.0
찹쌀 과자,유과,411,77.49,1.96,10.37,14.72
찹쌀 과자,전병,446,79.6,7.8,10.7,0.0
찹쌀 국수,말린것,334,74.6,8.1,0.3,0.0
찹쌀떡,-,245,52.65,4.81,1.75,6.47
찹쌀떡,경단 카스텔라,237,51.1,4.1,1.8,0.0
찹쌀떡,모듬찰떡,223,47.4,5.7,1.2,0.0
찹쌀떡,약식,244,52.3,3.7,2.2,0.0
찹쌀떡,팥고물,204,44.8,4.2,0.9,0.0
찹쌀떡,콩고물,231,49.69,5.52,1.15,2.81
찹쌀떡,찰시루떡,181,37.63,6.63,0.41,1.22
찹쌀빵,찹쌀도넛,296,57.1,5.0,5.3,0.0
퀴노아,쪄서 말린것,363,72.62,9.56,3.26,1.34
피,생것,376,73.9,8.5,4.6,0.0
호밀,생것,334,70.7,15.9,1.5,0.0
호밀,가루,324,75.8,8.5,1.6,0.9
호밀빵,-,252,52.7,8.4,2.2,0.0
감자,생것,67,15.08,2.01,0.04,0.0
감자,삶은것,77,17.39,2.07,0.08,0.0
감자,찐것,80,18.17,2.11,0.09,0.0
감자,구운것,90,20.5,2.43,0.09,0.0
감자,부침가루,355,73.6,12.1,1.4,0.0
감자 과자,구운것,469,71.4,5.0,18.2,5.01
감자 과자,튀긴것,536,60.92,4.95,30.33,0.0
감자 튀김,튀긴것,293,44.16,3.54,11.3,0.19
감자,으깬감자,83,17.57,1.91,0.57,1.48
감자 샐러드,-,143,11.17,2.68,8.2,0.0
고구마,생것,147,35.52,1.09,0.15,9.83
고구마,찐것,163,39.41,1.08,0.15,13.75
고구마,구운것,188,45.48,1.13,0.16,19.08
고구마,말린것,312,75.7,2.3,0.1,0.0
당면,말린것,358,88.75,0.08,0.07,0.0
당면,삶은것,123,30.38,0.03,0.04,0.0
곤약,가루,194,85.3,3.0,0.1,0.0
곤약,생것,7,3.0,0.2,0.0,0.0
돼지감자,생것,35,14.92,2.18,0.09,6.37
돼지감자,삶은것,39,17.16,2.23,0.11,0.0
돼지감자,말린것,172,74.35,10.43,0.46,11.64
마,생것,63,14.05,1.84,0.12,1.0
마,삶은것,49,10.51,1.47,0.25,2.47
아피오스감자,생것,175,38.2,6.1,0.5,0.0
야콘,생것,52,12.4,0.6,0.3,0.5
야콘,삶은것,42,9.9,0.6,0.3,0.0
전분,가루,334,82.7,0.07,0.02,0.05
천마,생것,77,18.5,0.9,0.0,0.0
천마,찐것,81,19.3,1.1,0.0,0.0
칡,생것,137,32.05,2.48,0.1,3.58
칡즙,-,21,4.91,0.44,0.0,1.51
토란,생것,71,15.77,2.08,0.14,0.0
토란,삶은것,73,16.28,2.17,0.18,0.46
토란,찐것,76,16.75,2.4,0.17,0.0
히카마,생것,44,10.36,0.68,0.06,4.59
히카마,삶은것,45,10.66,0.39,0.06,2.93
껌,무설탕,268,94.8,0.0,0.4,0.0
꿀,-,317,85.83,0.28,0.01,72.67
꿀,밤,314,84.95,0.45,0.02,67.37
꿀,아카시아,319,86.48,0.12,0.0,74.68
꿀,잡화,318,86.07,0.26,0.02,75.96
꿀,토종,313,84.73,0.38,0.02,67.18
당밀,가공당,274,68.2,0.2,0.0,0.0
로얄제리,-,104,12.82,14.29,1.4,12.04
물엿,-,321,83.03,0.02,0.0,22.06
사탕,드롭스,379,97.57,0.31,0.55,42.77
사탕,땅콩,354,91.2,0.23,7.14,37.08
사탕,박하사탕,382,98.59,0.02,0.02,41.67
사탕,버터,352,90.62,0.22,8.22,34.27
설탕,가루,389,99.77,0.0,0.0,97.81
설탕,백설탕,387,99.96,0.0,0.01,99.7
설탕,빙설탕,394,99.8,0.1,0.0,99.9
설탕,황설탕,386,99.81,0.0,0.01,97.0
설탕,흑설탕,379,97.88,0.12,0.01,90.0
시럽,단풍나무,260,67.04,0.04,0.06,60.46
시럽,초콜릿,268,67.1,2.1,0.1,0.0
양갱,팥,298,73.44,3.37,0.14,41.94
엿,고구마,263,69.7,1.6,0.0,0.0
젤라틴,가루,381,90.5,7.8,0.0,86.04
젤리,구미,344,77.53,7.5,0.42,50.0
조청,감,201,47.0,3.0,0.1,0.0
조청,고구마,289,77.0,1.38,0.35,46.86
조청,도라지,323,86.0,1.7,0.1,0.0
조청,배,238,62.3,2.1,0.0,0.0
조청,산수유,299,80.9,0.3,0.0,0.0
조청,쌀,326,87.9,0.53,0.24,49.91
조청,오가피,286,77.3,0.4,0.1,0.0
초코바,땅콩 캐러멜,479,61.98,9.36,21.51,48.03
초코바,쿠키 캐러멜,489,67.6,4.33,22.33,43.07
초콜릿,다크 초콜릿,598,45.9,7.79,42.63,23.99
초콜릿,땅콩 초콜릿,519,49.7,13.1,33.5,37.59
초콜릿,밀크 아몬드 초콜릿,526,53.4,9.0,34.4,43.9
초콜릿,밀크 초콜릿,549,56.17,7.8,32.54,46.18
초콜릿,스위트 초콜릿,507,60.4,3.9,34.2,51.48
초콜릿,크런치 초콜릿,520,62.49,7.25,26.81,44.12
초콜릿,화이트 초콜릿,539,59.24,5.87,32.09,59.0
캐러멜,우유,423,79.9,1.8,10.7,0.0
푸딩,우유에 섞은것,114,19.7,2.7,2.9,18.03
강낭콩,생것,172,32.38,8.8,0.86,0.0
강낭콩,삶은것,170,31.9,8.46,0.9,0.0
강낭콩,말린것,350,63.9,21.2,1.1,0.0
녹두,말린것,352,60.15,24.51,1.52,0.0
녹두,삶은것,158,26.66,11.29,0.67,0.0
녹두 빈대떡,가루,347,63.4,20.7,1.2,0.0
녹두 빈대떡가루,반죽,98,17.0,6.2,0.6,0.0
녹두 국수,말린것,344,87.5,0.2,0.4,0.0
녹두묵,-,40,9.81,0.12,0.03,0.02
대두,말린것,413,30.45,38.68,15.86,6.45
대두,삶은것,196,11.39,19.02,8.75,6.95
대두,볶은것,436,31.27,41.72,16.72,6.73
대두,콩가루,427,32.3,37.0,20.9,0.0
두부,-,97,3.75,9.62,4.63,0.0
두부,동결건조,496,4.2,50.5,34.1,0.0
두부,순두부,44,0.69,6.85,1.35,0.6
두부,연두부,50,1.93,4.66,2.51,0.74
두부,유부,450,7.93,26.11,34.23,0.42
비지,-,74,11.7,3.5,1.5,0.0
두유,대두,62,3.42,3.01,3.92,3.02
두유,검은콩,86,9.87,3.21,3.77,4.71
두유,검은참깨,77,8.76,3.4,3.15,4.54
두유,소금 0.3%,57,3.74,4.84,2.57,0.91
콩조림,-,271,39.1,19.3,4.2,0.0
동부,생것,166,29.34,9.51,1.02,0.21
동부,삶은것,138,24.46,8.11,0.77,0.14
동부,말린것,343,60.56,19.61,2.1,0.44
리마콩,말린것,306,60.8,21.9,1.8,1.2
렌즈콩,말린것,359,65.42,21.01,1.43,1.3
밤콩,말린것,410,30.6,35.0,17.2,0.0
병아리콩,말린것,373,63.14,17.27,5.66,0.0
완두,생것,114,19.51,7.92,0.44,0.0
완두,삶은것,122,20.78,7.27,1.1,0.0
완두,말린것,363,67.1,20.7,1.3,0.0
작두,생것,125,21.5,9.0,0.3,0.0
작두,말린것,344,57.4,26.3,1.0,0.0
잠두,생것,341,58.29,26.12,1.53,5.7
잠두,삶은것,110,19.65,7.6,0.4,1.82
쥐눈이콩,말린것,403,30.59,37.32,14.61,5.58
쥐눈이콩,삶은것,184,12.71,17.99,6.79,1.55
쥐눈이콩,볶은것,447,31.73,42.31,16.71,5.56
팥,말린것,330,58.72,20.63,0.96,0.43
팥,삶은것,156,27.15,9.49,0.86,0.28
팥,페이스트,147,27.1,9.8,0.6,0.0
팥,팥빙수용 단팥,206,45.63,4.51,0.22,36.53
개암,말린것,628,16.7,14.95,60.75,4.34
개암,볶은것,646,17.6,15.03,62.4,4.89
도토리,생것,230,46.7,4.4,3.0,0.0
도토리,가루,354,83.7,1.1,1.1,0.0
도토리,졸참도토리,342,79.2,4.6,0.5,0.0
도토리,종가시도토리,348,79.5,3.3,1.6,0.0
도토리,말린것,343,72.2,12.4,0.7,0.0
도토리묵,-,47,11.23,0.33,0.11,0.0
도토리묵,가루,366,87.09,1.7,1.23,0.01
들깨,말린것,530,29.26,22.68,39.74,1.46
들깨,볶은것,530,35.53,23.59,36.23,1.48
땅콩,말린것,520,18.36,25.74,42.57,4.4
땅콩,소금첨가,318,21.26,13.5,22.01,2.47
땅콩,볶은것,567,19.91,28.5,46.24,5.18
땅콩,가루,560,24.62,28.43,43.11,6.26
때죽,말린것,551,31.8,13.6,44.7,0.0
마름,생것,183,40.6,5.8,0.5,1.6
머루씨,생것,282,54.0,6.3,4.8,0.0
목화씨,구운것,506,21.9,32.59,36.29,0.0
밤,생것,151,33.39,3.28,0.5,4.95
밤,삶은것,154,33.95,3.45,0.51,6.06
밤,구운것,206,45.36,4.65,0.68,7.75
밤,말린것,377,78.6,6.7,4.1,0.0
밤,레토르트,199,42.81,4.48,1.1,7.63
밤,통조림,225,55.2,1.1,0.0,0.0
브라질너트,말린것,659,11.74,14.32,67.1,2.33
삼씨,말린것,450,31.7,29.9,28.3,2.3
수박씨,말린것,451,47.2,19.3,22.9,0.0
수박씨,볶은것,528,13.4,29.6,46.4,2.0
아마씨,볶은것,540,30.4,21.8,43.3,0.9
아몬드,말린것,581,20.09,23.44,49.96,6.82
아몬드,볶은것,594,20.49,23.45,51.29,3.91
은행,생것,203,42.78,4.69,1.53,2.95
은행,삶은것,186,38.25,4.31,1.86,1.91
은행,볶은것,221,45.76,5.0,2.05,3.33
잣,생것,630,19.38,15.96,59.28,1.33
잣,볶은것,708,4.7,17.6,75.0,0.0
잣,말린것,640,17.6,15.4,61.5,0.0
잣두부,-,78,4.0,7.5,4.3,0.0
잣죽,-,64,7.9,1.45,3.06,0.12
참깨,말린것,549,26.45,20.85,44.12,0.0
참깨,볶은것,539,27.42,21.28,42.3,0.0
참깨 과자,엿강정,538,45.4,15.0,32.9,0.0
참깨죽,-,38,5.9,1.0,1.2,0.0
치아씨,말린것,486,42.12,16.54,30.74,0.0
캐슈넛,볶은것,581,30.16,16.84,47.77,5.01
코코넛,말린것,660,23.65,6.88,64.53,7.35
코코넛,볶은것,592,44.4,5.3,47.0,0.0
코코넛,코코넛밀크,230,5.54,2.29,23.84,3.34
코코넛수,-,19,3.71,0.72,0.2,2.61
피스타치오,말린것,560,27.17,20.16,45.32,7.66
피스타치오,볶은것,584,20.82,25.99,48.89,8.15
피칸,말린것,691,13.86,9.17,71.97,3.97
피칸,볶은것,710,13.55,9.5,74.27,4.06
해바라기씨,말린것,589,18.58,21.93,52.26,2.68
해바라기씨,볶은것,582,24.07,19.33,49.8,2.73
호두,말린것,688,7.92,15.47,71.99,0.0
호두,볶은것,713,11.7,14.6,68.8,2.5
호박씨,말린것,548,5.34,35.35,48.18,0.0
가시오갈피,생것,76,15.87,5.67,0.7,2.48
가시오갈피,데친것,63,11.99,5.25,0.85,2.07
가지,생것,19,4.36,1.13,0.03,2.32
가지,데친것,19,4.4,1.0,0.1,1.94
가지,말린것,290,65.59,14.53,2.4,18.13
가지,염절임,22,5.2,1.4,0.1,0.0
갓,생것,36,7.3,3.5,0.2,0.0
개비름,생것,23,3.96,2.72,0.29,0.31
개비름,데친것,27,4.51,2.98,0.41,0.27
갯기름나물,생것,47,9.67,3.71,0.41,0.0
갯기름나물,데친것,49,9.39,3.86,0.71,0.0
갯나물,생것,18,3.59,1.61,0.14,0.0
갯나물,데친것,23,4.2,2.29,0.28,0.0
갯나물,환,262,52.6,9.28,6.14,0.94
게걸무,생것,59,13.6,2.3,0.1,0.0
겨자,생것,24,4.19,3.03,0.17,0.0
경수채,생것,26,5.57,1.68,0.24,2.1
고구마,데친것,41,5.8,3.44,0.62,0.0
고구마,삶은것,14,2.88,0.45,0.05,0.0
고들빼기,생것,29,5.8,1.6,0.5,0.0
고려엉겅퀴,생것,32,3.29,3.47,1.38,0.35
고려엉겅퀴,말린것,275,53.9,20.5,3.9,0.0
고비,생것,28,6.41,1.72,0.13,2.09
고비,삶은것,25,5.43,1.58,0.16,0.0
고비,삶아서 말린것,299,67.51,17.95,1.7,7.61
고사리,생것,22,3.8,2.9,0.17,0.2
고사리,데친것,21,3.55,2.74,0.24,0.43
고사리,말린것,261,54.2,25.8,0.6,0.0
고사리,삶아서 말린것,273,56.58,27.85,2.11,0.0
고수,생것,33,5.6,4.6,0.2,0.0
고추,생것,21,3.8,2.6,0.1,0.0
고추,말린것,312,57.47,13.88,8.71,0.0
고추장아찌,-,124,31.49,2.39,0.63,11.38
고춧잎,생것,45,8.49,5.07,0.32,0.0
고춧잎,데친것,51,8.9,5.16,0.85,0.0
고춧잎,말린것,266,37.8,35.43,5.3,0.0
고춧잎,삶은것,41,6.66,4.41,0.76,0.0
고추냉이,생것,103,23.7,2.9,0.5,0.0
곤달비,생것,42,9.4,1.8,0.5,0.0
곤달비,데친것,35,7.4,1.8,0.5,0.0
꾸지뽕,생것,85,19.18,5.06,0.51,3.07
꾸지뽕,삶은것,61,13.15,3.93,0.51,0.98
꾸지뽕,말린것,282,63.3,18.25,1.4,12.44
구기자,생것,50,7.05,6.27,1.08,0.78
국화꽃,생것,25,6.5,1.4,0.0,0.0
국화꽃,데친것,21,5.7,1.0,0.0,0.0
국화꽃,말린것,283,73.5,11.6,0.2,0.0
근대,생것,18,3.28,1.78,0.2,0.0
근대,데친것,20,3.95,1.79,0.2,0.0
김치,갓김치,37,7.07,3.26,0.4,2.46
김치,고들빼기,88,11.9,4.1,2.7,0.0
김치,깍두기,38,7.54,1.43,0.19,3.55
김치,나박 김치,7,1.27,0.34,0.07,0.29
김치,동치미,8,1.77,0.33,0.01,0.62
김치,배추 김치,38,6.24,1.97,0.57,2.87
김치,봄 재배,39,5.95,2.22,0.67,2.38
김치,여름 재배,38,6.56,1.84,0.49,3.22
김치,가을 재배,37,6.1,1.85,0.54,3.05
김치,백김치,16,3.0,0.95,0.07,1.04
김치,열무 김치,32,4.99,2.4,0.29,0.48
김치,열무 물김치,18,2.91,1.41,0.07,1.68
김치,오이 소박이,37,6.66,1.76,0.37,3.17
김치,유채 김치,62,10.1,3.5,0.8,0.0
김치,유채 물김치,17,3.0,1.0,0.1,0.0
김치,총각 김치,41,7.89,2.02,0.2,2.68
김치,파 김치,49,8.51,2.5,0.58,2.8
김치,얼갈이배추 김치,30,4.37,1.88,0.58,1.15
꽃양배추,생것,27,4.84,2.17,0.48,2.28
꽃양배추,데친것,26,4.62,2.4,0.47,2.42
꿀풀,생것,48,11.9,1.6,0.2,0.0
꿀풀,말린것,309,71.6,8.2,4.0,0.0
날개콩,생것,36,6.5,1.9,0.2,0.0
냉이,생것,41,8.06,4.23,0.27,1.28
냉이,데친것,49,9.19,5.09,0.5,0.0
누리장나무잎,생것,65,12.7,4.5,1.0,0.0
는쟁이냉이,생것,28,5.4,2.5,0.3,0.0
달래,생것,28,6.1,1.9,0.22,1.46
당귀,생것,43,8.8,3.2,0.4,0.0
당근,생것,31,7.03,1.02,0.13,6.23
당근,데친것,31,7.01,0.97,0.13,2.39
당근 주스,-,38,10.03,0.44,0.09,6.87
당근 주스,캔,40,9.28,0.95,0.15,3.91
대나무순,생것,24,3.77,3.48,0.22,1.11
대나무순,데친것,30,5.5,3.2,0.3,0.0
대나무순,삶은것,19,3.12,2.29,0.28,0.41
대나무순,삶아서 말린것,314,57.62,28.31,4.69,2.27
더덕,생것,89,21.52,1.91,0.13,5.01
더덕,가루,339,78.4,11.19,0.77,15.09
도라지,생것,56,13.08,1.7,0.11,1.15
도라지,데친것,49,11.35,1.48,0.14,0.75
도라지,말린것,324,74.59,10.67,0.89,3.4
도라지,가루,339,76.64,12.53,1.12,12.27
돌나물,생것,15,3.23,1.19,0.08,0.0
동아,생것,15,3.8,0.5,0.1,0.0
동아,데친것,15,3.7,0.6,0.1,0.0
두릅,생것,25,4.79,2.4,0.22,0.81
두릅,데친것,24,4.56,2.3,0.25,1.08
둥굴레,생것,52,11.7,3.4,0.2,0.0
둥굴레,말린것,289,67.7,16.5,0.9,0.0
들깨,생것,17,2.5,1.7,0.1,0.0
들깻잎,생것,47,8.89,4.46,0.5,0.0
들깻잎,데친것,32,4.8,3.93,0.6,0.0
들깻잎,찐것,37,6.07,4.37,0.55,0.0
들깻잎장아찌,-,124,26.0,4.03,0.42,16.41
들깻잎장아찌,통조림,76,10.4,4.7,1.7,0.0
루꼴라,생것,26,4.2,3.17,0.43,0.97
리크,생것,54,13.2,1.8,0.3,0.0
마늘,생것,128,26.42,7.45,0.16,0.23
마늘,데친것,135,27.69,8.04,0.13,0.77
마늘,구운것,169,34.6,10.04,0.22,0.02
마늘,말린것,333,73.3,16.3,0.7,0.0
마늘,동결건조,330,73.7,15.3,0.5,0.0
마늘,냉동,131,27.29,7.38,0.07,0.12
마늘,볶은것,165,31.26,9.84,1.35,1.73
마늘 장아찌,-,113,25.36,2.43,0.16,15.03
마늘종,생것,53,13.39,1.86,0.06,5.46
마늘종,데친것,59,14.82,1.98,0.17,2.74
마늘종 장아찌,-,118,27.34,1.96,0.14,13.02
풋마늘,생것,29,7.33,1.9,0.17,4.01
풋마늘,데친것,30,7.28,1.82,0.29,2.31
마타리,생것,45,10.9,2.1,0.1,0.0
머위,생것,17,2.74,2.31,0.14,0.07
머위,데친것,25,4.42,2.17,0.41,0.17
머위,삶은것,28,5.2,2.44,0.44,1.81
머위,말린것,281,58.2,17.4,3.7,0.0
머위,삶아서 말린것,278,48.62,26.73,4.67,1.85
모링가,생것,66,12.43,4.21,1.38,2.15
모시풀,생것,64,11.85,6.61,0.71,0.0
모시풀,삶은것,49,7.24,6.09,1.02,0.0
무,생것,15,4.1,0.5,0.1,2.7
무,데친것,15,3.27,0.53,0.18,1.85
무청,생것,22,2.9,2.3,0.7,0.0
무청,삶은것,23,4.68,1.58,0.27,0.0
무순,생것,20,1.82,1.89,1.01,0.67
무 절임,단무지,12,2.42,0.36,0.05,0.55
무 절임,쌈무,15,3.1,0.54,0.03,1.46
무 절임,치킨무,22,4.89,0.44,0.21,3.54
무말랭이,말린것,318,65.34,13.59,0.3,19.91
무말랭이 무침,-,131,29.24,2.25,0.61,16.75
무국물,-,1,0.3,0.0,0.0,0.0
물냉이,생것,23,3.7,3.5,0.1,0.0
물쑥,생것,36,5.6,5.4,0.3,0.0
물쑥,데친것,47,11.7,1.9,0.1,0.0
미나리,생것,21,3.8,2.2,0.2,0.0
미나리,데친것,19,3.2,2.3,0.2,0.0
미나리,농축,120,33.48,0.36,0.0,28.49
민들레,생것,29,5.48,2.44,0.44,0.0
민들레,데친것,30,5.74,2.18,0.51,0.0
바젤라,생것,11,2.6,0.7,0.2,0.0
바젤라,데친것,12,3.2,0.9,0.2,0.0
바질,생것,32,5.56,2.43,0.71,0.8
바질,데친것,34,5.9,2.81,0.7,0.37
박,생것,21,5.2,0.5,0.1,0.0
박,씨 포함,32,8.0,1.0,0.1,0.0
박고지,말린것,268,69.0,7.6,0.4,0.0
박쥐나무,생것,100,20.7,6.7,1.2,0.0
방가지똥,생것,46,10.3,2.5,0.4,0.0
방울다다기양배추,생것,49,11.17,3.28,0.16,3.55
배암차즈기,생것,25,4.5,1.73,0.62,1.44
배초향,생것,55,11.13,4.87,0.46,1.52
배추,생것,63,5.3,3.4,4.3,0.0
배추,데친것,17,3.9,1.4,0.0,0.0
배추,삶은것,15,3.04,1.16,0.14,1.13
배추,염절임,17,3.62,1.34,0.07,2.08
배추,말린것,278,58.92,14.38,3.89,25.52
백모근,말린것,337,77.0,9.0,2.0,0.0
백합,생것,118,24.91,3.34,1.52,0.44
보리,동결건조,283,51.96,28.3,3.39,2.83
뽕잎,생것,65,12.82,6.28,0.5,2.47
뽕잎,삶은것,48,9.0,4.86,0.53,0.41
뽕잎,삶아서 말린것,279,53.22,26.22,2.98,0.0
부지갱이,생것,30,4.9,3.65,0.43,1.21
부지갱이,데친것,33,4.92,4.0,0.65,0.61
부지갱이,말린것,258,50.0,25.7,2.0,0.0
부지갱이,삶아서 말린것,296,59.07,25.09,2.88,5.2
부지갱이,삶은것,48,8.24,5.17,0.68,0.38
부추,생것,46,11.9,1.2,0.1,0.0
부추,데친것,20,3.6,2.3,0.2,0.0
브로콜리,생것,32,6.32,3.08,0.2,0.79
브로콜리,데친것,28,5.34,2.8,0.31,0.4
브로콜리,삶은것,30,5.2,3.9,0.4,1.2
브로콜리,말린것,258,55.3,15.4,2.8,0.0
브로콜리,삶아서 말린것,271,59.8,17.4,1.8,0.0
브로콜리,가루,284,58.4,17.5,3.9,0.0
비비추,생것,48,10.1,3.0,0.6,0.0
비타민채,생것,14,2.0,2.1,0.2,0.0
비트,생것,26,5.26,1.56,0.14,2.87
비트,데친것,23,4.66,1.28,0.13,2.82
비트 피클,통조림,65,16.28,0.8,0.08,11.05
사탕무,생것,77,18.7,1.8,0.0,0.0
사탕수수,생것,77,20.9,1.1,0.0,0.0
산마늘,생것,36,8.21,2.02,0.21,3.8
산마늘,데친것,37,8.29,2.08,0.31,2.99
산마늘장아찌,-,55,12.2,2.37,0.62,7.83
삼나물,말린것,293,61.3,22.8,2.2,0.0
삼붕냐와,생것,27,3.84,1.62,1.09,0.24
삼채,생것,49,12.15,0.77,0.04,3.21
삼채,데친것,28,5.77,2.04,0.27,0.0
상추,생것,20,3.48,1.88,0.36,1.22
생강,생것,42,9.82,0.97,0.15,0.45
생강,당조림,364,88.35,0.7,0.86,19.9
생강 피클,-,15,3.9,0.3,0.2,0.0
선인장,생것,83,19.35,0.97,0.19,2.53
섬초롱,생것,41,8.5,3.0,0.4,0.0
섬초롱,데친것,34,7.6,2.0,0.2,0.0
셀러리,생것,17,3.95,1.04,0.07,0.0
셀러리,데친것,17,3.81,1.1,0.12,0.0
소리쟁이,말린것,259,52.6,21.7,2.2,0.0
쇠귀나물,생것,128,26.6,6.3,0.1,0.0
쇠귀나물,데친것,129,27.2,6.2,0.1,0.0
수리취,생것,64,14.7,3.9,0.2,0.0
숙주나물,생것,13,2.34,1.73,0.05,0.0
숙주나물,데친것,12,1.4,2.2,0.2,0.0
숙주나물,찐것,16,2.9,1.96,0.11,0.0
순무,생것,27,5.65,1.5,0.09,1.93
순무,데친것,28,6.04,1.32,0.09,2.3
순무,염절임,21,4.9,1.0,0.2,0.0
스테비아,생것,40,8.71,2.4,0.32,0.0
스테비아,말린것,303,70.5,14.2,2.0,0.0
시금치,생것,29,4.86,3.35,0.39,0.4
시금치,데친것,34,5.26,4.02,0.61,0.16
신선초,생것,24,5.66,1.08,0.14,1.95
쌈추,생것,25,4.29,3.07,0.23,0.0
쑥,생것,37,7.04,3.4,0.38,0.0
쑥,데친것,39,6.79,3.71,0.63,0.0
쑥,말린것,272,53.8,25.8,2.05,0.16
쑥갓,생것,15,2.35,1.93,0.17,0.0
쑥갓,데친것,21,3.8,2.1,0.3,0.0
쑥부쟁이,생것,26,3.53,2.92,0.72,0.08
씀바귀,생것,43,9.2,2.9,0.4,0.0
씀바귀,데친것,31,6.3,2.6,0.2,0.0
아스파라거스,생것,17,2.53,2.02,0.34,1.35
아스파라거스,데친것,17,2.81,2.08,0.19,1.24
아스파라거스,통조림,14,3.0,1.1,0.1,0.0
아욱,생것,37,7.64,3.08,0.31,0.0
아욱,데친것,31,5.2,3.52,0.49,0.0
아이비카,말린것,260,43.7,27.7,4.4,0.0
아주까리,말린것,287,48.0,36.8,3.1,0.0
아주까리,생것,82,17.8,5.8,0.5,0.0
아티초크,생것,47,10.51,3.27,0.15,0.99
아티초크,삶은것,53,11.95,2.89,0.34,0.99
아티초크,냉동,38,7.75,2.63,0.43,0.0
알로에,생것,3,0.7,0.1,0.0,0.0
알로에 음료,-,40,11.09,0.0,0.0,9.21
알팔파,생것,21,3.14,3.53,0.2,0.34
양배추,생것,33,7.92,1.68,0.08,4.79
양배추,데친것,32,7.56,1.71,0.12,5.2
양배추,찐것,32,7.41,1.68,0.12,4.24
양배추 샐러드,코울슬로,153,14.89,0.95,9.91,12.19
양파,생것,29,6.67,0.95,0.04,5.74
양파,데친것,29,6.97,0.84,0.04,4.56
양파,말린것,340,78.0,11.7,1.0,0.0
양파링,냉동,258,30.53,3.15,14.1,0.0
양파링,튀긴것,411,43.58,3.86,25.23,5.43
양파 장아찌,-,85,20.99,1.59,0.05,15.24
양하,생것,13,2.8,0.6,0.1,0.0
어수리,생것,31,5.0,4.4,0.3,0.0
음나무,생것,41,5.2,6.94,0.67,0.36
음나무,데친것,37,3.86,7.05,0.75,0.0
엉겅퀴,말린것,267,55.6,22.4,1.6,0.0
엉겅퀴,삶아서 말린것,279,54.2,27.4,2.2,0.0
여주,생것,22,4.48,1.28,0.36,0.36
연근,생것,75,17.28,1.63,0.07,1.81
연근,데친것,62,14.41,1.07,0.08,0.59
연근 조림,-,261,60.2,2.1,1.3,0.0
열대비름,생것,45,6.5,5.8,0.9,0.0
열무,생것,14,1.99,2.08,0.21,0.0
열무,데친것,19,2.95,2.69,0.25,0.0
염교,생것,83,29.3,1.4,0.2,0.0
염교,-,93,21.79,0.52,1.0,18.72
영아자,생것,34,7.7,2.5,0.1,0.0
영아자,데친것,36,7.8,2.5,0.2,0.0
영아자,말린것,278,54.4,23.8,3.1,0.0
오이,생것,13,3.1,0.8,0.0,0.0
오이 피클,-,91,25.07,0.38,0.12,22.69
오이지,염절임,10,2.1,0.63,0.12,1.07
오크라,생것,26,6.6,2.1,0.2,1.9
우엉,생것,69,15.29,2.61,0.06,2.87
우엉,데친것,52,11.34,1.88,0.09,0.69
우엉,장조림,149,34.37,2.1,0.3,17.4
울금,생것,87,15.73,1.79,2.56,3.83
울외장아찌,-,67,13.1,5.1,0.3,0.0
원추리,생것,35,6.48,3.55,0.36,2.51
원추리,데친것,28,5.09,3.22,0.29,1.78
유채,생것,78,6.8,3.4,4.6,0.0
유채,데친것,29,4.15,4.36,0.38,0.49
잇꽃,생것,45,9.0,3.9,0.4,0.0
자운영,생것,40,6.6,4.6,0.6,0.0
잔대,생것,79,18.6,2.1,0.2,0.0
적양무,생것,19,2.54,2.54,0.42,0.22
전호,생것,23,4.2,3.1,0.1,0.0
제비쑥,생것,35,5.0,4.5,0.7,0.0
조뱅이,생것,47,10.1,4.0,0.2,0.0
줄나물,말린것,236,41.9,29.7,1.7,0.0
진달래꽃,생것,26,6.3,1.0,0.1,0.0
질경이,생것,48,10.8,3.0,0.2,0.0
질경이,데친것,45,10.7,2.4,0.1,0.0
참나물,생것,39,7.6,3.5,0.4,0.0
참나물,말린것,309,74.3,5.9,3.5,0.0
참나물,데친것,22,4.54,1.39,0.23,0.0
참반디,말린것,288,65.7,12.6,2.7,0.0
참빗살나무,생것,61,10.3,7.4,0.7,0.0
참죽나물,생것,48,8.59,5.8,0.39,0.78
참죽나물,데친것,46,8.1,5.39,0.51,0.57
참죽나물,말린것,280,57.0,27.9,1.0,0.0
참죽나물,삶아서 말린것,269,44.54,34.44,3.13,6.8
참죽나물,삶은것,52,7.89,7.28,0.74,0.38
청경채,생것,10,1.64,1.41,0.09,0.0
청경채,데친것,11,1.81,1.6,0.13,0.0
초석잠,생것,76,17.0,2.3,0.56,0.17
총각무,생것,22,5.18,1.38,0.07,2.19
취나물,생것,53,11.3,4.2,0.3,0.0
취나물,데친것,35,6.09,3.28,0.64,0.3
취나물,말린것,307,71.1,5.1,4.9,0.0
취나물,삶은것,55,12.3,3.0,0.5,0.0
취나물,삶아서 말린것,299,56.82,26.85,3.67,3.43
치커리,생것,72,17.51,1.4,0.2,8.73
케일,생것,26,4.61,3.11,0.24,0.0
콜라비,생것,22,5.16,1.16,0.05,1.55
콩나물,생것,36,3.8,4.64,1.36,0.35
콩나물,삶은것,33,2.55,4.52,1.51,0.62
콩나물,말린것,406,32.5,45.7,10.8,0.0
콩나물,가루,409,31.7,45.4,11.6,0.0
콩잎,생것,94,21.0,6.6,0.3,0.0
토란대,생것,16,4.25,0.28,0.05,1.52
토란대,데친것,20,5.3,0.4,0.0,0.0
토란대,말린것,261,65.5,7.4,1.1,0.0
토마토,생것,19,4.26,1.03,0.18,2.37
토마토,데친것,17,4.06,0.7,0.14,2.08
토마토 음료,-,41,10.92,0.4,0.02,8.4
토마토,페이스트,98,19.68,4.22,0.24,11.78
토스카노,생것,40,6.7,4.7,0.6,0.0
파,생것,29,6.7,1.2,0.2,0.0
파드득나물,생것,25,5.5,1.8,0.1,0.0
파슬리,생것,36,6.8,3.2,0.5,0.0
파프리카,생것,24,5.95,0.77,0.12,2.79
파프리카,데친것,25,6.21,0.79,0.13,2.76
미니파프리카,생것,41,8.32,1.01,1.09,8.8
피망,생것,28,6.94,1.17,0.09,3.02
피망,데친것,33,8.18,1.24,0.11,3.13
할라페뇨,통조림,27,4.74,0.92,0.94,2.14
해바라기,생것,9,0.9,2.2,0.1,0.0
호박,생것,38,3.6,4.5,1.7,0.0
호박,데친것,32,6.14,3.09,0.34,0.33
호박,찐것,49,9.19,4.84,0.49,0.7
호박,삶은것,24,5.23,0.6,0.13,2.55
호박,말린것,333,72.33,7.6,2.42,37.86
호박즙,-,21,4.73,0.64,0.0,3.53
화살나무,생것,96,21.59,4.77,0.84,3.32
화살나무,데친것,78,17.03,4.03,0.94,2.07
검은비늘버섯,생것,13,4.5,1.8,0.1,0.0
검은비늘버섯,말린것,177,62.1,20.1,2.7,0.0
꽃송이버섯,생것,19,7.35,1.11,0.39,0.89
꽃송이버섯,데친것,22,8.99,0.87,0.49,0.3
꽃송이버섯,말린것,182,66.49,15.18,4.14,0.45
나도팽나무버섯,생것,16,5.7,2.4,0.0,0.0
나도팽나무버섯,말린것,182,66.1,23.6,0.5,0.0
노루궁뎅이버섯,생것,13,2.89,2.57,0.41,0.54
노루궁뎅이버섯,데친것,18,4.68,3.28,0.4,0.12
노루궁뎅이버섯,말린것,179,57.8,24.5,3.2,0.0
느타리버섯,생것,15,4.7,2.6,0.14,0.74
느타리버섯,데친것,21,6.51,3.26,0.23,0.01
느타리버섯,말린것,189,60.72,25.1,3.9,0.0
능이버섯,생것,17,5.9,2.2,0.1,0.0
동충하초,생것,27,7.07,5.56,0.38,0.33
동충하초,말린것,133,0.0,60.9,2.4,0.0
만가닥버섯,생것,19,6.34,2.5,0.34,0.37
만가닥버섯,데친것,19,6.07,2.73,0.35,0.11
목이버섯,생것,13,5.22,0.79,0.19,0.12
목이버섯,데친것,13,4.84,1.15,0.23,0.0
목이버섯,말린것,169,69.66,11.88,1.26,1.57
밤버섯,생것,17,3.5,2.9,0.9,0.0
버들송이버섯,생것,20,5.5,4.2,0.1,0.0
버들송이버섯,말린것,191,61.6,23.3,4.7,0.0
뽕나무버섯,말린것,195,54.4,27.7,6.9,0.0
상황버섯,말린것,179,84.58,4.4,0.27,0.0
상황버섯,추출,3,0.56,0.07,0.01,0.12
석이버섯,말린것,165,68.47,11.75,0.96,0.33
송이버섯,생것,21,8.12,2.05,0.15,0.31
송이버섯,데친것,22,8.51,2.15,0.24,1.22
싸리버섯,생것,20,5.7,2.8,0.6,0.0
싸리버섯,말린것,179,58.9,19.9,4.8,0.0
아위버섯,생것,26,8.56,3.53,0.4,0.59
아위버섯,데친것,27,8.69,3.62,0.43,0.01
애느타리버섯,생것,16,3.5,4.2,0.1,0.0
양송이버섯,생것,15,3.89,3.12,0.23,0.77
양송이버섯,데친것,15,3.63,3.15,0.26,0.89
양송이버섯,말린것,166,34.09,40.82,3.52,0.52
양송이버섯,가루,176,46.49,33.39,3.57,1.93
양송이버섯,통조림,17,3.87,3.75,0.41,0.0
영지버섯,말린것,187,81.03,9.41,1.4,0.0
영지버섯,추출,0,0.03,0.07,0.01,0.0
잎새버섯,생것,13,3.29,2.2,0.5,0.14
잎새버섯,데친것,16,4.46,2.26,0.57,0.0
큰느타리버섯,생것,20,6.54,2.92,0.23,0.25
큰느타리버섯,데친것,21,6.48,3.14,0.33,0.03
큰느타리버섯,말린것,179,59.81,25.05,2.07,4.88
큰느타리버섯,가루,184,61.4,25.09,2.51,0.0
팽이버섯,생것,21,7.0,2.41,0.51,0.54
팽이버섯,데친것,20,6.43,2.6,0.39,0.06
포타벨라,생것,16,4.6,3.3,0.1,0.0
표고버섯,생것,31,10.84,3.9,0.38,0.36
표고버섯,데친것,25,8.63,3.0,0.34,0.51
표고버섯,말린것,178,61.81,22.42,2.14,2.27
표고버섯,삶은것,29,10.55,3.2,0.36,0.55
표고버섯,가루,186,68.25,18.84,2.54,4.61
풀버섯,생것,15,4.6,2.7,0.1,0.0
감,생것,59,16.9,0.5,0.1,13.6
감,잼,225,55.7,0.3,0.1,0.0
감,말린것,223,60.45,1.59,0.05,24.25
감,냉동,66,18.36,0.0,0.04,10.35
감 주스,-,41,11.0,0.1,0.1,0.0
구아바 주스,과즙 음료,50,12.3,0.1,0.1,0.0
귤,생것,48,12.39,0.59,0.12,10.44
귤 주스,천연과즙,39,10.4,0.2,0.1,0.0
귤,잼,309,76.2,1.0,0.0,0.0
귤,통조림,63,15.3,0.5,0.1,0.0
금귤,생것,73,18.77,1.19,0.13,11.77
다래,생것,67,16.2,1.6,0.4,0.0
대추,생것,105,27.56,1.45,0.1,24.34
대추,말린것,276,72.57,3.73,0.25,59.09
두리안,생것,140,27.1,2.3,3.3,0.0
딸기,생것,36,8.9,0.8,0.2,0.0
딸기,말린것,329,82.8,0.5,0.2,0.0
딸기,잼,285,70.45,0.51,0.09,52.33
라임,생것,30,10.54,0.7,0.2,1.69
라임 주스,천연과즙,25,8.42,0.42,0.07,1.69
라임 주스,캔,21,6.69,0.25,0.23,1.37
라즈베리,생것,52,11.94,1.2,0.65,4.42
라즈베리,냉동,56,12.55,1.15,0.81,6.54
람부탄,통조림,82,20.87,0.65,0.21,0.0
레몬,생것,36,9.27,0.71,0.08,1.87
레몬 과즙,-,24,8.6,0.4,0.2,1.5
롱안,생것,60,15.14,1.31,0.1,0.0
롱안,말린것,286,74.0,4.9,0.4,0.0
리치,냉동,56,14.47,0.85,0.08,12.21
마가목 열매,생것,115,25.5,1.3,0.8,0.0
망고,생것,61,15.97,0.72,0.1,13.66
망고 음료,-,28,7.71,0.04,0.01,6.26
망고스틴,생것,71,17.5,0.6,0.2,0.0
매실,생것,41,7.8,1.1,1.1,0.0
매실청,-,213,52.72,0.23,0.18,44.06
매실 절임,고형물,216,51.08,1.86,0.52,33.85
머루,껍질과 씨 포함,79,18.32,1.51,0.94,7.39
머루,생것,76,18.96,0.34,0.75,16.86
머루 주스,-,81,21.8,0.3,0.2,0.0
멜론,생것,21,5.1,0.5,0.1,0.0
모과,생것,78,20.0,0.7,0.4,0.0
무화과,말린것,319,77.22,4.75,3.01,58.92
무화과,통조림,78,19.4,0.5,0.1,0.0
바나나,생것,77,20.0,1.11,0.2,14.4
바나나칩,튀긴것,517,69.32,2.07,25.67,16.1
배,생것,45,12.24,0.29,0.04,8.3
배,껍질 포함,48,12.8,0.4,0.1,0.0
배즙,-,52,13.0,0.3,0.5,0.0
배 음료,캔,42,11.76,0.0,0.0,10.15
백향과,씨 포함,100,22.58,1.68,1.55,8.58
백향과 주스,황색과육,60,14.45,0.67,0.18,14.25
백향과 주스,자색과육,51,13.6,0.39,0.05,13.4
버찌,생것,60,14.9,1.7,0.1,0.0
보리밥 열매,말린것,354,68.5,18.5,1.3,0.0
복분자,생것,88,17.96,1.52,2.2,8.06
복숭아,생것,48,10.0,1.8,0.7,0.0
복숭아,통조림,66,16.04,0.28,0.03,14.22
복숭아,고형물,68,16.51,0.38,0.05,14.77
복숭아,액즙,63,15.59,0.19,0.0,13.7
복숭아,당절임,311,75.0,2.6,0.1,0.0
복숭아,넥타,54,13.02,0.29,0.03,9.92
복숭아,잼,211,51.98,0.66,0.03,43.37
블랙베리,생것,43,8.69,0.67,1.13,5.76
블랙커런트,생것,63,15.38,1.4,0.41,0.0
블루베리,생것,48,12.57,0.55,0.09,9.96
블루베리,말린것,325,83.57,4.45,1.11,48.28
블루베리,냉동,41,10.07,0.81,0.26,6.64
블루베리,잼,283,70.22,0.21,0.11,44.44
블루베리,통조림,88,22.06,0.65,0.33,20.46
비파,생것,45,11.95,0.29,0.2,10.8
비파,통조림,80,19.8,0.3,0.1,0.0
사과,생것,57,14.11,0.2,0.66,10.93
사과,껍질 포함,49,13.36,0.3,0.03,8.17
사과,말린것,275,71.8,1.0,1.6,0.0
사과,넥타,53,11.7,1.0,0.2,0.0
사과,잼,267,66.2,0.2,0.1,0.0
사과,통조림,66,15.1,0.7,0.3,0.0
사과 음료,-,38,9.36,0.03,0.0,7.05
사과 주스,-,42,11.45,0.17,0.01,9.98
산딸기,생것,55,13.55,1.35,0.22,7.8
산수유,생것,112,23.83,0.87,2.82,10.33
산수유,말린것,292,76.6,3.6,0.5,0.0
살구,생것,30,7.12,1.2,0.05,7.39
살구,말린것,258,68.39,3.21,0.18,25.62
살구,통조림,48,12.34,0.63,0.04,10.74
살구,넥타,41,9.9,0.2,0.1,0.0
살구,잼,304,75.36,0.46,0.03,56.06
석류,생것,77,20.71,0.29,0.2,9.94
소귀나무 열매,생것,24,4.6,0.8,0.6,0.0
수박,생것,31,7.83,0.79,0.05,5.06
애플수박,생것,40,8.39,0.94,0.81,6.23
산자나무 열매,생것,70,9.7,1.0,3.8,0.0
아떼모야,생것,73,19.0,1.2,0.1,0.0
아로니아,생것,60,15.41,0.82,0.21,4.49
아로니아,냉동,68,17.45,1.08,0.23,4.44
아보카도,생것,160,8.53,2.0,14.66,0.66
아세로라,생것,36,9.0,0.7,0.1,0.0
아세로라 주스,과즙 음료,42,10.5,0.1,0.0,0.0
앵두,생것,61,15.2,1.1,0.3,0.0
엘더베리,생것,73,18.4,0.66,0.5,0.0
오디,생것,56,14.0,0.8,0.4,0.0
오렌지,생것,47,11.81,0.92,0.16,9.21
오렌지 마멀레이드,-,246,66.3,0.3,0.0,60.0
오렌지 주스,-,36,9.49,0.58,0.04,6.88
오렌지 음료,캔,41,11.4,0.06,0.01,9.58
오렴자,생것,30,7.5,0.7,0.1,0.0
오미자,생것,81,12.8,2.1,3.3,0.0
오미자,말린것,362,61.3,8.5,13.5,0.0
오미자청,-,226,55.87,0.14,0.26,50.14
올리브 절임,초록색,137,5.34,1.09,12.36,0.0
올리브 절임,검은색,121,3.4,0.8,12.3,0.0
용과,생것,44,10.3,1.0,0.4,0.0
유자,생것,49,12.54,0.93,0.09,4.1
으름,생것,158,11.9,2.0,12.9,0.0
자두,생것,26,5.3,0.5,0.6,0.0
자두,말린것,240,63.88,2.18,0.38,38.13
자몽,생것,32,7.92,0.84,0.05,4.2
자몽 주스,캔,46,11.13,0.58,0.09,11.03
잭프루트,생것,95,23.25,1.72,0.64,19.08
잭프루트,통조림,92,23.94,0.36,0.14,0.0
참외,씨 제거,45,11.23,1.33,0.04,9.81
참외,씨 포함,47,11.01,1.57,0.29,9.08
체리,생것,67,16.9,1.59,0.06,6.8
체리,고형물,134,33.21,0.18,0.02,22.59
체리,액즙,137,34.11,0.02,0.0,22.71
크랜베리,생것,46,11.97,0.46,0.13,4.27
크랜베리,가당,314,85.73,0.25,0.58,74.3
크랜베리 주스,-,46,12.2,0.39,0.13,12.1
크랜베리 주스,칵테일,54,13.52,0.0,0.1,11.87
키위,생것,54,13.73,0.77,0.26,7.07
키위 주스,-,180,49.68,0.25,0.0,32.34
탱자,생것,84,18.5,1.3,1.5,0.0
파인애플,생것,53,14.32,0.46,0.04,10.26
파인애플,고형물,78,19.18,0.31,0.04,15.81
파인애플,액즙,76,18.81,0.13,0.0,13.02
파인애플,넥타,71,17.4,0.3,0.0,0.0
파인애플 주스,-,43,11.52,0.39,0.03,8.78
파인애플 주스,캔,53,12.87,0.36,0.12,9.98
파파야,생것,23,5.95,0.45,0.05,1.73
포도,생것,60,15.73,0.4,0.27,13.74
포도,껍질 포함,68,18.25,0.59,0.05,12.32
포도,껍질과 씨 포함,58,15.01,0.71,0.13,8.46
포도,건포도,297,78.89,2.64,0.53,66.71
포도,넥타,66,16.2,0.2,0.0,0.0
포도,잼,292,72.6,0.28,0.03,60.17
포도,통조림,69,17.12,0.14,0.02,14.87
포도 주스,-,49,13.49,0.23,0.0,11.47
포도즙,-,48,12.62,0.66,0.01,9.71
플럼코트,생것,47,9.97,0.61,1.05,7.5
프루트샐러드,통조림,82,19.3,0.2,0.4,0.0
프루트칵테일,통조림,75,18.52,0.19,0.03,18.9
프루트펀치,통조림,48,11.97,0.0,0.0,11.29
개구리고기,생것,75,0.7,16.1,0.4,0.0
거위고기,생것,161,0.0,22.75,7.13,0.0
거위고기,구운것,238,0.0,28.97,12.67,0.0
거위 부산물,생것,133,6.32,16.37,4.28,0.0
고래고기,생것,111,0.0,26.5,0.5,0.0
고래고기,냉동,132,0.0,23.5,3.5,0.0
고래고기,염절임,162,0.1,24.4,6.2,0.0
고래 부산물,생것,290,0.2,28.4,18.0,0.0
고래 부산물,냉동,253,0.3,13.8,20.6,0.0
꿩고기,생것,124,0.0,27.5,0.8,0.0
닭고기,생것,115,0.1,24.0,1.4,0.0
닭고기,삶은것,142,0.1,27.8,2.6,0.0
닭고기,구운것,247,2.8,27.8,12.6,0.0
닭고기,튀긴것,289,9.42,22.54,17.35,0.0
닭고기,살코기,108,2.8,20.0,1.3,0.0
닭고기,껍질,351,0.0,12.6,31.6,0.0
닭고기,가슴,106,0.5,23.1,0.7,0.0
닭고기,날개,122,0.8,20.4,3.5,0.0
닭고기,다리,130,0.9,18.9,4.9,0.0
닭 부산물,생것,116,0.1,18.8,3.9,0.0
닭 부산물,삶은것,167,0.87,24.46,6.51,0.0
닭 부산물,구운것,132,0.0,26.78,2.0,0.0
닭 육수,-,12,0.0,1.3,0.7,0.0
닭뼈 육수,-,7,0.0,0.9,0.4,0.0
닭꼬치,-,252,19.1,16.5,12.2,0.0
돼지고기,생것,203,0.0,19.45,12.84,0.0
돼지고기,삶은것,296,0.0,26.51,19.54,0.0
돼지고기,구운것,270,0.0,24.83,17.59,0.0
돼지 부산물,생것,134,2.47,21.39,3.65,0.0
돼지 부산물,삶은것,165,3.76,26.02,4.4,0.0
베이컨,-,241,6.42,15.27,17.12,0.98
베이컨,구운것,548,1.35,35.73,43.27,0.0
소시지,말린것,467,2.6,26.7,42.0,1.9
소시지,리용소시지,188,3.7,14.9,13.1,0.6
소시지,볼로냐소시지,242,2.9,12.5,21.0,1.1
소시지,위너소시지,251,9.36,15.27,16.91,0.87
소시지,이탈리안소시지,290,2.97,13.9,24.26,1.19
소시지,프랑크푸르트소시지,241,5.9,14.41,17.7,1.28
햄,등심햄,121,1.97,20.66,3.34,1.53
햄,런천미트햄,197,7.92,15.43,11.53,0.93
햄,구운것,145,1.5,20.93,5.53,0.0
햄,프레스햄,217,3.01,16.09,15.66,1.73
햄,데친것,256,4.63,15.44,19.51,1.57
햄,슬라이스햄,193,2.3,17.01,12.82,1.34
돼지불고기,생것,128,2.4,14.1,6.9,0.0
순대,선지 비율 낮은것,178,32.28,3.18,3.96,1.09
순대,선지 비율 높은것,150,11.65,9.22,7.37,2.36
포크커틀릿,냉동,285,21.0,9.4,18.2,0.0
포크커틀릿,튀긴것,365,21.2,16.6,23.7,0.0
말고기,생것,102,0.3,20.1,2.5,0.0
메추리고기,생것,194,0.1,20.5,12.9,0.0
멧돼지고기,생것,249,0.5,18.8,19.8,0.0
소고기,구운것,400,0.0,22.57,33.7,0.0
소고기,생것,268,0.97,16.98,21.31,0.0
소고기,삶은것,359,0.0,26.37,27.26,0.0
소고기,끓인것,201,0.0,33.68,6.36,0.0
소 부산물,생것,135,3.89,20.36,3.63,0.0
소 부산물,삶은것,191,5.13,29.08,5.26,0.0
소 부산물,구운것,175,5.16,26.52,4.68,0.0
소고기,육포,351,20.2,49.0,8.2,0.0
소불고기,생것,133,4.3,11.5,7.8,0.0
양지국물,-,4,0.0,1.0,0.0,0.0
우족국물,중량3배물,2,0.0,0.3,0.1,0.0
잡뼈국물,-,28,0.0,4.3,1.0,0.0
송아지고기,생것,162,0.0,18.86,9.01,0.0
송아지고기,삶은것,251,0.0,32.43,12.53,0.0
송아지고기,구운것,228,0.0,23.96,13.96,0.0
송아지 부산물,생것,140,2.91,19.93,4.85,0.0
송아지 부산물,삶은것,192,3.77,28.42,6.26,0.0
양고기,생것,205,0.1,18.8,15.3,0.0
어린양고기,생것,372,0.0,14.52,34.39,0.0
어린양고기,구운것,359,0.0,21.12,29.82,0.0
어린양고기,삶은것,344,0.0,28.68,24.55,0.0
어린양 부산물,생것,139,1.78,20.38,5.02,0.0
어린양 부산물,삶은것,220,2.53,30.57,8.81,0.0
염소고기,생것,181,0.0,19.88,10.31,0.0
염소고기,삶은것,251,0.0,29.39,13.51,0.0
오리고기,생것,117,0.0,21.0,3.07,0.0
오리고기,껍질 포함,242,0.0,16.63,18.99,0.0
자라고기,생것,175,0.5,16.4,13.4,0.0
칠면조고기,생것,144,0.13,21.64,5.64,0.07
칠면조고기,구운것,189,0.06,28.55,7.39,0.0
토끼고기,생것,135,0.6,21.7,4.4,0.0
토끼고기,끓인것,173,0.0,33.02,3.51,0.0
토끼고기,삶은것,203,0.0,28.23,8.87,0.38
거위알,생것,193,0.8,13.2,14.1,0.0
거위알,삶은것,187,1.0,12.7,13.6,0.0
기러기알,생것,193,2.4,12.3,13.9,0.0
기러기알,삶은것,212,4.0,13.1,14.9,0.0
달걀,생것,136,0.79,12.91,8.25,0.11
달걀,삶은것,145,1.37,13.49,8.69,0.13
달걀,가루,376,4.47,82.4,0.04,0.0
달걀,부침,206,3.79,15.12,13.46,0.2
달걀,중탕,145,0.2,12.3,11.7,0.0
달걀,스크램블에그,149,1.61,9.99,10.98,1.39
메추리알,생것,146,1.66,12.8,9.02,0.0
메추리알,삶은것,155,1.67,12.48,10.12,0.0
오리알,생것,171,2.03,13.11,11.32,0.0
오리알,삶은것,183,2.41,13.39,12.4,0.0
오리알,피단,166,4.21,12.98,10.05,0.06
가라지,생것,78,0.7,14.8,1.3,0.0
가물치,생것,86,0.3,18.2,0.8,0.0
가시망둑,생것,101,0.0,22.4,0.7,0.0
가오리,생것,80,0.0,17.3,0.7,0.0
가오리,조미하여 말린것,306,35.8,39.3,0.6,0.0
가자미,생것,129,0.3,22.1,3.7,0.0
갈치,생것,149,0.1,18.5,7.5,0.0
갈치,얼간,188,0.1,26.3,8.1,0.0
갈치,젓갈,176,28.2,8.6,3.2,0.0
강달이,생것,109,0.1,17.0,3.9,0.0
강달이,젓갈,102,0.0,14.0,5.1,0.0
게르치,생것,158,0.0,20.8,7.5,0.0
게르치,삶은것,161,0.0,22.2,8.4,0.0
고등어,생것,183,0.0,20.2,10.4,0.0
고등어,삶은것,253,0.3,22.6,22.6,0.0
고등어,구운것,264,0.4,25.2,22.4,0.0
고등어,반건조,303,0.2,18.7,28.5,0.0
고등어,자반고등어,258,6.36,18.99,16.14,0.0
고등어,통조림,103,0.0,15.6,4.46,0.0
고등어,고형물,161,0.64,23.47,7.14,0.0
괴도라치,생것,74,0.0,17.2,0.1,0.0
군평선이,생것,103,0.2,18.5,2.6,0.0
기름종개,생것,107,0.5,17.5,3.3,0.0
까나리,생것,114,0.3,16.0,4.8,0.0
까나리,삶아서 말린것,218,1.5,43.1,6.1,0.0
까나리,액젓,30,0.27,7.16,0.01,0.03
꺽저기,생것,92,0.1,19.5,1.0,0.0
꼬치고기,생것,97,0.7,20.5,0.8,0.0
꼼치,생것,70,0.0,16.4,0.1,0.0
꽁치,생것,142,0.4,22.7,4.7,0.0
꽁치,구운것,281,0.2,23.3,22.8,0.0
꽁치,동건품,421,0.9,32.1,29.9,0.0
꽁치,염장,178,0.2,20.1,9.8,0.0
꽁치,통조림,113,0.0,13.12,6.76,0.0
꽁치,고형물,188,2.64,20.31,10.67,0.0
꽁치,조미,178,2.4,19.0,10.3,0.0
날치,생것,99,0.1,22.2,0.5,0.0
날치,염장,124,0.0,26.4,1.3,0.0
납지리,생것,86,0.1,17.5,1.2,0.0
넙치,생것,125,0.0,22.36,3.28,0.0
네동가리,생것,82,0.1,19.2,0.1,0.0
노랑촉수,생것,248,8.3,7.1,19.5,0.0
노래미,생것,89,0.8,17.5,1.3,0.0
놀래기,생것,107,0.0,19.2,2.8,0.0
농어,생것,96,0.2,18.2,1.9,0.0
농어,구운것,124,0.0,23.63,2.56,0.0
누치,생것,105,0.8,17.3,3.0,0.0
눈볼대,생것,144,0.0,22.3,5.3,0.0
눈퉁멸,생것,138,0.4,18.5,6.2,0.0
눈퉁멸,말린것,344,11.1,58.6,5.4,0.0
능성어,생것,93,0.3,18.8,1.3,0.0
다금바리,생것,100,0.1,19.3,1.9,0.0
다랑어,생것,127,0.3,25.9,1.8,0.0
다랑어,가다랑어 육수,2,0.0,0.4,0.0,0.0
다랑어,유지,185,0.0,22.31,10.6,0.0
다랑어,구운것,184,0.0,29.91,6.28,0.0
다랑어,냉동,113,0.1,24.5,1.0,0.0
참다랑어 샐러드,-,187,9.41,16.04,9.26,0.0
달강어,생것,121,0.1,19.7,4.0,0.0
달고기,생것,97,0.7,19.1,1.4,0.0
대구,생것,86,0.3,19.5,0.3,0.0
대구,구운것,103,0.2,25.2,0.2,0.0
대구,말린것,256,0.3,56.0,2.0,0.0
대구,냉동,81,0.1,18.0,0.5,0.0
대구,소금에 절여 반건조,201,0.0,45.1,1.1,0.0
대구,염장,91,0.1,20.0,0.7,0.0
대구 튀김,냉동,106,11.1,13.7,0.8,0.0
대구,젓갈,62,0.0,14.7,0.4,0.0
대구횟대,생것,93,0.5,19.5,0.9,0.0
대두어,생것,96,0.5,17.5,2.1,0.0
도다리,생것,78,0.5,17.6,0.2,0.0
도도바리,생것,95,0.5,19.4,1.2,0.0
도루묵,생것,113,0.5,16.0,4.6,0.0
도루묵,소금에 절여 말린것,282,0.2,44.8,9.8,0.0
도치,생것,62,0.9,7.2,3.0,0.0
독가시치,생것,97,0.0,20.3,1.2,0.0
돔,생것,90,0.0,20.1,0.6,0.0
돔,삶은것,113,0.0,20.7,4.0,0.0
돔,구운것,110,0.0,22.5,2.6,0.0
돔,반건조,104,0.0,19.5,2.3,0.0
동사리,생것,81,0.0,16.9,1.0,0.0
동자개,생것,81,0.0,15.7,1.6,0.0
둑중개,생것,104,0.2,15.0,4.2,0.0
둑중개,삶은것,108,0.2,15.8,5.8,0.0
둑중개,조린것,293,33.8,29.4,5.5,0.0
드렁허리,생것,92,0.0,17.9,1.7,0.0
등가시치,생것,79,0.0,18.5,0.1,0.0
만새기,생것,100,0.0,21.3,1.9,0.0
망둑어,생것,77,0.3,16.4,0.7,0.0
매퉁이,생것,93,0.1,20.8,0.5,0.0
메기,생것,114,0.1,15.1,5.3,0.0
멸치,생것,127,0.3,17.7,5.4,0.0
멸치,삶아서 말린것,302,0.0,59.31,5.45,0.0
멸치 볶음,멸치풋고추볶음,262,17.0,23.3,11.2,0.0
멸치 볶음,잔멸치볶음,342,26.2,31.0,12.6,0.0
멸치 육수,-,0,0.0,0.1,0.0,0.0
멸치,액젓,31,1.13,6.53,0.02,0.11
멸치,젓갈,118,0.0,14.0,6.3,0.0
멸치,유지,170,0.0,9.7,14.6,0.0
명태,생것,80,0.0,17.5,0.7,0.0
명태,구운것,111,0.0,23.48,1.18,0.0
명태,말린것,351,0.3,74.3,3.8,0.0
명태,냉동,72,0.1,15.9,0.5,0.0
명태,반건조,290,0.0,61.7,3.1,0.0
명태,조미하여 말린것,306,29.2,43.9,1.5,0.0
명태,양념젓갈,143,22.22,10.83,1.2,14.37
모래무지,생것,77,0.0,15.7,1.1,0.0
몽치다래,생것,159,0.5,24.1,5.9,0.0
문절망둑,생것,90,0.3,18.7,1.1,0.0
문절망둑,장조림,248,29.0,28.3,2.1,0.0
물치다래,생것,168,0.1,23.4,7.3,0.0
미꾸리,생것,96,0.2,16.2,2.8,0.0
미꾸리,삶은것,76,0.0,17.1,1.2,0.0
민달고기,생것,95,0.1,20.3,1.0,0.0
민어,생것,86,0.5,18.0,0.8,0.0
민어,구운것,100,0.0,23.4,0.8,0.0
민어,튀긴것,221,7.54,18.2,12.67,0.0
민어,조미하여 말린것,314,35.2,39.8,1.5,0.0
민어,염장,284,0.0,35.1,15.9,0.0
민태,생것,88,0.0,15.2,2.5,0.0
박대,생것,90,0.6,19.2,0.7,0.0
박대,말린것,132,0.9,25.6,2.2,0.0
박대,반건조,104,0.1,21.4,1.4,0.0
방어,생것,101,0.4,21.7,0.8,0.0
방어,구운것,260,0.3,26.2,20.4,0.0
방어,훈제,312,0.5,27.2,22.4,0.0
백연,생것,89,0.3,19.0,0.8,0.0
밴댕이,생것,225,0.2,16.3,16.5,0.0
밴댕이,삶아서 말린것,302,0.5,48.2,10.3,0.0
밴댕이,젓갈,117,0.6,16.3,4.9,0.0
뱅어,생것,68,0.3,13.3,1.1,0.0
뱅어,말린것,311,0.0,56.1,7.9,0.0
베도라치,생것,105,0.0,20.7,1.9,0.0
베로치,생것,86,0.0,19.5,0.4,0.0
베스,생것,81,0.1,18.2,0.4,0.0
벤자리,생것,123,0.3,17.0,5.3,0.0
병어,생것,130,0.3,16.4,6.3,0.0
보구치,생것,119,0.3,19.3,3.9,0.0
보리멸,생것,93,0.0,19.5,1.1,0.0
보리멸,냉동,98,0.3,19.6,1.5,0.0
복어,생것,94,0.1,21.5,0.3,0.0
복어,조미하여 말린것,282,17.6,47.7,2.3,0.0
볼기우럭,생것,129,0.0,18.7,5.3,0.0
볼락,생것,93,0.6,19.3,1.0,0.0
볼락,구운것,109,0.0,22.23,1.62,0.0
부세,생것,105,0.0,17.2,3.4,0.0
부시리,생것,109,0.1,22.3,1.5,0.0
부치,생것,71,0.0,15.8,0.5,0.0
붉바리,생것,99,0.1,21.0,1.1,0.0
붕어,생것,94,0.1,18.1,1.8,0.0
붕어,삶은것,225,28.6,15.7,4.4,0.0
붕어,구운것,177,14.4,18.0,4.4,0.0
블루길,생것,83,0.2,17.8,0.8,0.0
빙어,생것,85,0.0,18.4,0.8,0.0
빙어,삶아서 말린것,189,0.0,34.2,4.7,0.0
빙어,장조림,261,27.0,26.7,5.1,0.0
빙어,구운것,124,0.0,22.6,3.1,0.0
산천어,생것,117,0.1,20.3,3.3,0.0
살살치,생것,70,0.6,15.5,0.2,0.0
삼세기,생것,97,0.5,18.6,1.8,0.0
삼치,생것,112,0.0,20.08,2.93,0.0
삼치,구운것,184,0.1,23.6,10.8,0.0
삼치,젓갈,101,0.0,22.7,1.1,0.0
상어,생것,99,0.1,22.2,0.5,0.0
새다래,생것,104,0.0,18.9,2.6,0.0
샛멸,생것,82,0.0,19.5,0.6,0.0
서대,생것,95,0.2,18.4,1.8,0.0
성대,생것,94,0.2,19.9,1.0,0.0
송어,생것,121,0.1,21.0,3.4,0.0
송어,염장,234,0.8,36.0,8.4,0.0
송어,젓갈,156,0.0,24.8,6.3,0.0
송어,통조림,152,0.0,18.2,8.8,0.0
송어,구운것,150,0.0,22.92,5.82,0.0
송어,냉동,161,0.3,20.0,8.0,0.0
숭어,생것,107,0.4,21.7,1.5,0.0
숭어,구운것,150,0.0,24.81,4.86,0.0
숭어,소금에 절여 말린것,353,0.3,40.4,28.9,0.0
쌍동가리,생것,101,0.0,20.8,1.4,0.0
쌍뿔달재,생것,75,0.1,16.9,0.4,0.0
쏘가리,생것,111,0.0,17.2,4.1,0.0
쏘가리,냉동,125,0.1,21.2,3.7,0.0
쏨뱅이,생것,90,0.1,19.9,0.6,0.0
쑤기미,생것,84,0.5,18.5,0.4,0.0
쑥감펭,생것,83,0.0,19.0,0.3,0.0
아귀,생것,63,0.5,14.1,0.2,0.0
아홉동가리,생것,106,0.1,19.8,2.3,0.0
애꼬치,생것,137,0.1,18.9,7.2,0.0
애꼬치,구운것,134,0.1,23.3,4.9,0.0
양미리,생것,123,0.0,21.5,3.4,0.0
양미리,말린것,211,1.2,29.9,8.5,0.0
양태,생것,87,0.1,20.0,0.2,0.0
어묵,-,169,20.69,11.44,4.49,3.54
어묵 국물,-,3,0.4,0.09,0.15,0.26
어묵,게맛살 첨가,112,15.2,10.8,0.8,0.0
어묵,구운것,141,15.6,15.4,1.7,0.0
어묵,찐어묵,115,16.53,9.75,1.09,1.78
어묵국,-,42,5.7,3.1,0.8,0.0
어육소시지,-,174,17.75,9.01,7.45,0.0
얼룩통구멍,생것,82,0.0,18.2,0.5,0.0
여덟동가리,생것,110,0.0,19.2,3.1,0.0
연어,생것,106,0.2,20.6,1.9,0.0
연어,소금첨가,138,0.1,22.8,6.1,0.0
연어,훈제,212,0.19,23.48,11.96,0.07
연어,통조림,168,0.31,16.29,11.27,0.0
연어,고형물,188,2.85,16.36,12.32,0.08
연어,염장,245,3.4,27.3,13.6,0.0
연어,구운것,163,0.1,28.5,6.0,0.0
열쌍동가리,생것,86,0.1,18.3,0.9,0.0
우각바리,생것,91,0.0,19.0,1.2,0.0
웅어,생것,169,0.0,15.9,10.8,0.0
은어,생것,114,0.2,16.7,4.5,0.0
은어,구운것,149,0.1,26.6,6.8,0.0
은어,젓갈,125,0.8,11.4,8.5,0.0
인상어,생것,133,0.4,21.8,4.2,0.0
임연수어,생것,152,0.5,19.6,7.1,0.0
임연수어,반건조,161,0.1,20.6,9.4,0.0
임연수어,염장,198,0.2,17.6,13.1,0.0
잉어,생것,113,0.3,17.5,4.0,0.0
잉어,삶은것,190,0.2,19.2,13.4,0.0
장갱이,생것,90,0.0,19.1,1.0,0.0
장문볼락,생것,87,0.2,15.7,2.1,0.0
장문볼락,구운것,96,0.0,18.51,1.87,0.0
장어,생것,170,0.4,17.9,9.9,0.0
장어,구운것,236,0.0,23.65,14.95,0.0
장어,냉동,158,0.5,19.0,8.0,0.0
장어,튀긴것,556,31.2,14.8,41.3,0.0
장어,말린것,415,0.5,33.3,29.0,0.0
전갱이,생것,133,0.1,20.7,4.8,0.0
전갱이,삶은것,136,0.1,22.4,5.9,0.0
전갱이,구운것,157,0.1,25.9,6.4,0.0
전갱이,냉동,119,0.3,20.0,3.5,0.0
전갱이,소금에 절여 말린것,262,0.7,46.0,6.9,0.0
전갱이,조미반건조,150,0.1,20.2,8.8,0.0
전갱이,조미,131,17.9,14.7,0.1,0.0
전갱이 튀김,냉동,144,14.8,16.1,2.3,0.0
전어,생것,107,0.2,19.2,2.7,0.0
전어,젓갈,124,0.5,15.3,6.7,0.0
점감펭,생것,90,0.3,19.4,0.7,0.0
점줄우럭,생것,100,0.1,19.3,1.9,0.0
점줄우럭,구운것,118,0.0,24.84,1.3,0.0
정어리,생것,171,0.2,20.0,9.1,0.0
정어리,삶은것,182,0.2,22.4,8.7,0.0
정어리,구운것,199,0.2,25.3,9.4,0.0
정어리,말린것,334,0.6,45.6,14.8,0.0
정어리,삶아서 말린것,113,0.1,24.5,2.1,0.0
정어리,소금에 절여 말린것,188,0.5,29.6,6.5,0.0
정어리,염장,153,0.2,23.3,5.7,0.0
정어리,통조림,122,0.3,19.3,4.8,0.0
정어리,유지,268,0.3,21.7,20.0,0.0
정어리,조미,121,0.4,16.5,5.9,0.0
조기,생것,118,0.0,19.02,4.04,0.0
조기,소금에 절여 말린것,332,0.4,44.4,15.2,0.0
조기,젓갈,123,8.0,15.5,2.8,0.0
준치,생것,129,0.0,20.1,4.7,0.0
쥐치,생것,83,0.3,19.1,0.1,0.0
쥐치,말린것,339,34.3,41.8,2.3,0.0
쥐치,냉동,115,0.3,18.0,4.0,0.0
쥐치,조미하여 말린것,307,32.01,41.84,1.3,25.76
참마자,생것,90,0.3,17.7,1.5,0.0
청새치,생것,107,0.1,23.1,1.8,0.0
청어,생것,213,0.4,16.3,15.1,0.0
청어,말린것,418,1.0,44.5,24.0,0.0
청어,삶아서 말린것,123,0.0,18.7,4.7,0.0
청어,염장,159,0.2,17.5,9.0,0.0
청어,훈제,280,0.0,23.1,22.1,0.0
초어,생것,89,0.2,17.1,1.7,0.0
통치,생것,138,0.1,20.0,5.7,0.0
투라치,생것,79,0.5,18.1,0.1,0.0
틸라피아,생것,126,0.2,19.3,4.7,0.0
푸렁통구멍,생것,76,0.2,17.4,0.2,0.0
풀반지,생것,167,0.2,16.9,10.1,0.0
피라미,생것,105,0.2,18.5,2.8,0.0
학공치,생것,94,0.7,17.8,1.7,0.0
학공치,조미하여 말린것,325,17.7,59.1,2.0,0.0
향어,생것,158,0.1,18.4,8.7,0.0
홍감펭,생것,108,0.2,16.7,3.9,0.0
홍어,생것,87,0.0,19.6,0.5,0.0
홍치,생것,93,0.1,18.9,1.4,0.0
황매퉁이,생것,97,0.1,20.0,1.3,0.0
황새치,생것,81,0.0,17.0,1.0,0.0
황새치,구운것,172,0.0,23.45,7.93,0.0
황새치,젓갈,117,2.7,15.7,4.8,0.0
황어,생것,95,0.2,18.3,1.8,0.0
횟대,생것,74,0.3,17.1,0.1,0.0
히메치,생것,99,0.0,20.9,1.1,0.0
가리비,생것,80,0.0,15.18,1.73,0.22
가리비,삶은것,89,1.9,17.6,1.9,0.0
가리비,튀긴것,216,10.13,18.07,10.94,0.0
가리비,말린것,349,4.4,77.6,0.4,0.0
가리비,통조림,107,4.4,21.6,0.3,0.0
가리비,삶아서 말린것,301,7.6,65.7,1.4,0.0
가리비,냉동,105,2.4,20.8,0.8,0.0
각시수랑,생것,70,0.9,15.0,0.3,0.0
고둥,생것,92,4.3,16.1,0.7,0.0
고둥,삶은것,106,5.3,18.4,0.7,0.0
굴,생것,64,3.7,8.9,1.2,0.0
굴,삶은것,90,7.1,9.9,3.6,0.0
굴,양념젓갈,91,8.1,8.6,2.7,0.0
굴,냉동,97,5.1,10.0,3.6,0.0
굴,튀긴것,199,11.62,8.77,12.58,0.0
굴,통조림,83,0.0,14.7,2.7,0.0
굴,훈제,294,11.2,12.5,22.6,0.0
꼬막,생것,63,1.6,12.6,0.3,0.0
다슬기,생것,85,5.7,11.9,1.2,0.0
담치,생것,54,2.9,8.9,0.5,0.0
담치,구운것,172,7.39,23.8,4.48,0.0
담치,삶아서 말린것,391,14.1,56.1,10.2,0.0
담치,통조림,89,1.3,15.8,2.3,0.0
대수리,생것,112,1.9,18.8,2.6,0.0
대합,생것,62,1.0,12.0,0.8,0.0
동죽,생것,69,0.9,11.8,1.6,0.0
맛,생것,95,2.5,16.1,1.8,0.0
바지락,생것,74,3.2,12.27,0.93,0.75
바지락,말린것,347,0.0,74.0,3.7,0.0
바지락,장조림,235,29.1,24.8,2.1,0.0
바지락,통조림,91,2.1,15.2,2.4,0.0
바지락,조미,106,8.8,16.0,0.8,0.0
바지락,젓갈,51,1.5,8.5,1.0,0.0
백합,삶은것,79,2.9,14.9,1.5,0.0
백합,구운것,70,2.8,13.3,1.0,0.0
백합,조미,123,10.9,19.6,0.1,0.0
소라,생것,107,4.0,20.7,0.3,0.0
소라,통조림,123,10.9,19.6,0.1,0.0
수랑,생것,86,2.9,15.9,0.7,0.0
오분자기,생것,95,4.6,13.3,2.1,0.0
우렁이,생것,73,3.8,10.5,1.4,0.0
우렁이,고형물,109,5.97,19.33,0.83,4.24
큰우슬우렁이 무침,-,109,15.7,7.1,2.0,0.0
재첩,생것,94,5.8,12.5,1.9,0.0
전복,생것,85,4.5,14.3,0.7,0.0
전복,말린것,254,2.3,56.0,0.9,0.0
전복,튀긴것,189,11.05,19.63,6.78,0.0
전복,삶은것,96,7.3,16.3,0.2,0.0
전복,조미,131,17.9,14.7,0.1,0.0
전복,젓갈,96,1.0,12.2,4.8,0.0
조개,생것,77,2.8,14.1,0.6,0.0
조개,말린것,276,7.0,54.2,2.0,0.0
조개,조미하여 말린것,300,7.9,57.9,4.1,0.0
조개,조미,115,7.8,18.0,1.3,0.0
조개,젓갈,71,5.45,10.83,0.63,0.25
가재,생것,87,0.8,16.1,1.7,0.0
가재,삶은것,89,0.2,19.2,1.7,0.0
가재,찐것,82,0.0,16.77,1.2,0.0
개불,생것,53,1.6,10.5,0.2,0.0
게,생것,77,0.43,16.19,0.7,0.41
게,찐것,83,0.0,17.88,0.74,0.0
게,삶은것,73,0.6,16.1,0.3,0.0
게,젓갈,57,0.8,12.2,0.6,0.0
게,삶아서 말린것,314,2.0,66.7,2.6,0.0
게,통조림,69,0.2,16.3,0.4,0.0
게맛살,어육함량이 낮은것,119,19.45,7.7,1.12,3.48
게맛살,데친것,118,19.31,7.71,1.09,3.24
게맛살,어육함량이 높은것,93,9.52,11.67,0.87,3.46
군소,생것,36,0.5,5.8,1.0,0.0
꼴뚜기,생것,91,0.6,14.4,3.0,0.0
꼴뚜기,삶은것,91,0.4,17.7,2.9,0.0
꼴뚜기,조린것,245,22.9,27.0,6.7,0.0
꼴뚜기,조미훈제,305,21.3,43.1,7.5,0.0
꼴뚜기,삶아서 말린것,286,1.7,51.3,6.6,0.0
꼴뚜기,젓갈,83,0.3,16.0,2.0,0.0
꼴뚜기,양념젓갈,114,14.8,9.6,1.8,0.0
낙지,생것,73,0.0,16.3,0.43,0.2
낙지,양념젓갈,161,27.14,10.0,1.36,9.1
멍게,생것,40,1.6,6.7,0.6,0.0
멍게,양념젓갈,140,22.99,9.25,1.19,10.13
문어,생것,70,0.1,16.4,0.7,0.0
문어,삶은것,91,0.1,21.7,0.7,0.0
문어,말린것,348,3.6,72.0,3.1,0.0
미더덕,생것,44,4.1,4.3,1.2,0.0
새우,생것,71,0.6,15.2,0.5,0.0
새우,삶아서 말린것,307,4.1,55.5,5.9,0.0
새우,찐것,119,1.52,22.78,1.7,0.0
새우,튀긴것,242,11.47,21.39,12.28,0.8
새우,냉동,114,0.6,22.0,2.0,0.0
새우,장조림,230,25.8,25.9,2.6,0.0
새우,말린것,360,15.6,62.4,3.5,0.0
새우,삶은것,116,0.0,28.2,0.5,0.0
새우,조미하여 말린것,319,46.7,28.5,2.0,0.0
새우,통조림,95,0.6,21.5,0.7,0.0
새우,젓갈,88,0.3,15.8,2.6,0.0
새우,조린것,230,35.1,19.1,1.8,0.0
새우 볶음,볶은것,342,28.5,23.4,13.4,0.0
새우 튀김용,냉동,139,20.3,10.2,1.9,0.0
새우 튀김용,튀긴것,263,28.84,6.43,13.53,0.99
새우,추젓,47,1.2,9.1,0.6,0.0
새우,토굴대때기젓,53,1.7,10.1,0.6,0.0
새우,토굴동백하젓,49,1.6,8.3,1.0,0.0
새우,토굴오젓,57,2.5,10.8,0.4,0.0
새우,토굴육젓,56,1.9,10.8,0.6,0.0
새우,토굴추젓,46,1.5,8.9,0.5,0.0
성게,생것,148,2.0,15.8,8.5,0.0
성게,젓갈,128,4.4,21.4,2.8,0.0
성게,통조림,138,8.9,14.0,5.1,0.0
오징어,생것,94,0.16,18.84,1.44,0.0
오징어,구운것,108,0.1,23.6,1.0,0.0
오징어,튀긴것,175,7.79,17.94,7.48,0.0
오징어,말린것,352,0.2,67.8,6.9,0.0
오징어,냉동,88,0.5,17.0,1.5,0.0
오징어,조미훈제,205,12.4,34.4,2.0,0.0
오징어,조미하여 말린것,282,22.79,39.31,2.41,14.83
오징어,양념젓갈,166,27.0,9.88,2.04,14.82
오징어,젓갈,98,5.0,16.0,1.5,0.0
오징어 튀김,-,308,24.3,11.9,18.1,0.0
오징어채 볶음,-,278,41.4,18.6,4.2,0.0
주꾸미,생것,52,0.5,10.8,0.5,0.0
크릴,생것,76,0.2,12.1,2.6,0.0
크릴,삶은것,78,0.0,13.8,3.0,0.0
크릴 페이스트,-,130,2.0,16.5,5.5,0.0
한치,생것,81,0.3,14.9,1.8,0.0
해삼,생것,24,1.3,3.7,0.4,0.0
해삼,말린것,331,3.0,77.6,0.9,0.0
해삼,염장,34,2.4,4.9,0.5,0.0
해삼,젓갈,32,2.5,5.5,0.0,0.0
해파리,생것,6,0.1,1.3,0.0,0.0
갈래곰보,생것,12,4.6,0.9,0.2,0.0
곰피,말린것,141,54.7,12.9,1.3,0.0
곰피,가루,129,51.4,10.0,1.4,0.0
김,말린것,182,46.19,38.46,2.82,0.0
김,구운것,307,4.82,37.69,49.23,0.39
김,생것,12,2.0,3.3,0.4,0.0
꼬시래기,생것,17,6.2,1.8,0.2,0.0
다시마,생것,12,4.2,1.1,0.2,0.0
다시마,말린것,110,45.2,7.4,1.1,0.0
다시마,염장,16,6.0,1.2,0.3,0.0
다시마 육수,-,1,0.3,0.1,0.0,0.0
다시마 튀각,-,228,58.8,3.6,23.0,0.0
대황,말린것,145,64.5,7.3,0.2,0.0
뜸부기,말린것,128,52.1,6.1,2.5,0.0
매생이,생것,39,8.19,3.88,3.29,0.07
매생이,말린것,125,40.6,20.6,0.5,0.0
모자반,생것,18,6.7,1.8,0.2,0.0
모자반,말린것,129,45.7,15.2,1.7,0.0
모자반,가루,127,40.8,14.0,3.9,0.0
모자반,염장,18,5.4,3.1,0.2,0.0
미역,생것,12,3.7,1.68,0.29,0.0
미역,말린것,150,43.65,20.31,4.83,0.0
미역,가루,134,52.4,10.7,1.8,0.0
미역,염장,34,8.8,6.0,0.9,0.0
미역,데친것,35,9.3,6.0,0.9,0.0
미역,삶은것,18,5.5,1.1,0.3,0.0
미역 튀각,-,283,46.21,9.75,38.02,9.27
불등풀가사리,말린것,147,55.7,16.5,0.6,0.0
석묵,말린것,38,9.1,9.6,0.2,0.0
순채,생것,22,7.1,2.5,0.7,0.0
우뭇가사리,생것,46,18.5,4.2,0.2,0.0
우뭇가사리묵,-,2,0.8,0.1,0.0,0.0
한천,-,154,74.6,2.3,0.1,0.0
진두발,말린것,119,53.5,2.5,1.5,0.0
청각,생것,8,1.6,1.4,0.4,0.0
청각,말린것,137,52.8,13.8,0.8,0.0
클로렐라,말린것,174,25.7,45.3,7.2,0.0
톳,생것,16,5.0,1.9,0.4,0.0
톳,말린것,81,32.0,6.6,0.8,0.0
톳,삶아서 말린것,135,59.7,6.2,0.8,0.0
파래,생것,11,2.95,2.18,0.15,0.04
파래,말린것,201,41.7,22.1,0.6,0.0
분유,-,498,56.6,13.98,23.93,47.28
분유,1단계,508,56.88,12.41,25.75,49.01
분유,2단계,506,56.93,12.63,25.38,49.0
분유,3단계,477,56.04,16.91,20.65,43.85
분유,전지,509,39.07,25.46,27.32,38.63
분유,탈지,358,53.16,33.88,0.97,46.17
산양유,-,62,4.03,3.16,3.62,3.48
셔벗,-,128,28.7,0.9,1.0,0.0
아이스밀크,-,167,23.9,3.4,6.4,0.0
아이스크림,딸기맛,192,27.6,3.2,8.4,4.43
아이스크림,바닐라맛,179,22.25,4.98,7.83,17.3
아이스크림,초콜릿맛,216,28.2,3.8,11.0,25.36
아이스크림,유지방 8%,178,23.2,3.9,8.0,15.1
아이스크림,유지방 12%,205,22.4,3.5,12.0,17.0
연유,점성이 낮은것,126,13.1,5.56,5.73,5.05
연유,점성이 높은것,367,66.31,7.76,7.84,51.88
요구르트,액상,65,15.23,1.29,0.02,12.49
요구르트,저당,45,10.38,1.11,0.02,6.6
요구르트,딸기맛,85,13.49,3.29,2.22,10.51
요구르트,플레인,85,11.66,3.03,2.96,6.48
요구르트,식이섬유 첨가,97,13.81,3.19,3.26,8.98
요구르트,망고맛,92,12.44,4.55,2.7,10.53
우유,-,65,5.53,3.08,3.32,4.12
우유,딸기맛,68,12.34,2.29,1.12,8.13
우유,바나나맛,90,13.13,2.63,3.02,9.18
우유,초코맛,71,12.14,2.61,1.41,8.16
우유,커피맛,61,9.82,2.44,1.38,6.86
우유,고칼슘,63,6.53,2.98,2.77,3.85
우유,저지방우유,42,4.86,3.43,0.9,3.59
치즈,고다,356,2.22,24.94,27.44,2.22
치즈,까망베르,300,0.46,19.8,24.26,0.46
치즈,리코타,159,6.7,7.1,11.5,0.0
치즈,모차렐라,236,3.15,17.34,16.49,1.06
치즈,슈레드타입,293,5.66,26.6,17.37,0.64
치즈,브리,334,0.45,20.75,27.68,0.45
치즈,브릭,371,2.79,23.24,29.68,0.51
치즈,블루,353,2.34,21.4,28.74,0.5
치즈,체다,298,6.17,18.76,21.3,0.24
치즈,카테지,99,1.9,13.3,4.5,0.5
치즈,크림,350,5.52,6.15,34.44,3.76
치즈,파르메산,420,13.91,28.42,27.84,0.07
커피크리머,가루,514,62.2,1.57,29.11,4.29
크림,생크림,368,4.98,2.03,37.81,0.0
크림,동물성,354,6.43,2.01,35.55,0.0
크림,식물성,268,17.96,0.11,21.76,0.0
고추기름,-,919,0.0,0.02,99.8,0.0
닭기름,-,900,0.0,0.0,99.8,0.0
돼지기름,-,915,0.58,0.0,99.38,0.0
들기름,-,920,0.0,0.0,99.86,0.0
땅콩 버터,-,658,18.9,25.8,51.91,9.41
땅콩 버터,청크,589,21.57,24.06,49.94,8.41
땅콩 버터,크림,598,22.31,22.21,51.36,10.49
땅콩기름,-,884,0.0,0.0,100.0,0.0
마가린,-,714,12.06,0.2,72.41,0.0
면실유,-,883,0.0,0.0,100.0,0.0
버터,-,761,1.81,0.59,82.04,0.66
복숭아씨기름,-,911,0.3,0.5,98.9,0.0
쇠기름,-,869,0.0,0.2,99.8,0.0
쇼트닝,-,917,0.48,0.0,99.52,0.0
쌀겨기름,-,921,0.05,0.0,99.95,0.0
아마씨유,-,884,0.0,0.11,99.98,0.0
아몬드유,-,884,0.0,0.0,100.0,0.0
아보카도유,-,917,0.48,0.0,99.52,0.0
연어기름,-,902,0.0,0.0,100.0,0.0
옥수수기름,-,919,0.17,0.0,99.74,0.0
올리브유,-,921,0.0,0.0,100.0,0.0
유채씨기름,-,920,0.1,0.02,99.85,0.0
잇꽃씨기름,-,892,0.0,0.0,100.0,0.0
참기름,-,917,0.14,0.0,99.59,0.0
코코넛유,-,918,0.33,0.0,99.67,0.0
콩기름,-,915,0.66,0.0,99.31,0.0
팜유,-,917,0.44,0.0,99.56,0.0
포도씨유,-,920,0.01,0.0,99.93,0.0
해바라기유,-,919,0.2,0.0,99.76,0.0
호두유,-,917,0.39,0.0,99.57,0.0
혼합식물성유,-,886,0.0,0.0,100.0,0.0
감잎차,가루,335,67.5,12.2,2.8,0.0
결명자차,말린것,391,67.0,19.8,4.9,0.0
계피차,가루,357,89.0,0.0,1.4,0.0
구기자차,말린것,384,57.2,14.6,10.7,0.0
구절초차,말린것,345,72.1,11.1,1.3,0.0
국화차,말린것,358,69.9,14.5,2.3,0.0
녹차,가루,379,66.91,22.37,2.47,0.0
녹차,말린것,388,64.17,26.66,2.73,0.0
녹차,-,2,0.4,0.05,0.0,0.0
녹차,현미,1,0.15,0.02,0.0,0.0
녹차라떼,가루,466,72.5,5.28,17.16,28.9
다래나무순차,-,1,0.1,0.1,0.0,0.0
대추차,-,75,17.75,0.12,0.44,12.4
도라지차,-,22,5.1,0.3,0.0,0.0
두충차,가루,354,67.9,14.3,3.8,0.0
둥굴레차,-,1,0.27,0.0,0.01,0.0
민들레차,-,0,0.05,0.01,0.0,0.05
보리차,-,0,0.07,0.0,0.0,0.0
보이차,-,0,0.0,0.12,0.0,0.05
사과차,-,167,41.6,0.1,0.0,0.0
상지차,말린것,360,78.6,6.0,2.4,0.0
생강차,가루,353,90.7,0.1,0.2,0.0
생강청,-,246,59.9,0.1,0.65,57.61
쌍화차,가루,411,92.61,1.64,3.81,42.6
쑥차,말린것,338,56.4,26.3,0.8,0.0
야콘차,-,98,24.0,0.6,0.0,0.0
오미자차,말린것,371,60.8,16.3,7.0,0.0
우롱차,-,0,0.1,0.0,0.0,0.0
우롱차,캔,0,0.1,0.0,0.0,0.0
유자청,-,246,62.8,0.2,0.2,0.0
유자차,고형물 포함,73,18.05,0.03,0.01,13.6
율무차,가루,463,68.56,8.57,17.17,23.46
인삼차,가루,397,96.52,0.89,0.78,82.5
치커리차,말린것,369,84.6,7.3,0.2,0.0
카모마일차,-,1,0.2,0.0,0.0,0.0
커피,아메리카노,2,0.48,0.02,0.02,0.01
커피,에스프레소,22,4.93,0.2,0.22,0.04
커피,원두,4,0.7,0.2,0.0,0.0
커피,캔,38,8.34,0.81,0.12,7.06
커피,디카페인,351,76.0,11.6,0.2,0.0
커피,인스턴트,348,66.06,19.81,0.49,0.0
커피,물에 탄것,4,0.7,0.2,0.01,0.0
코코아,가루,268,43.63,22.85,20.06,0.49
헛개 음료,-,1,0.26,0.0,0.0,0.05
홍삼차,가루,382,95.8,1.3,0.7,0.0
홍삼 음료,-,40,9.27,0.28,0.24,6.32
홍차,-,2,0.26,0.23,0.04,0.03
홍차,레몬,33,8.3,0.0,0.0,0.0
홍차,가루,397,98.12,0.32,0.38,42.31
홍차,캔,30,7.59,0.0,0.0,6.27
레모네이드,-,38,9.56,0.0,0.0,8.71
매실 음료,-,44,11.02,0.06,0.01,9.85
셰이크,딸기맛,113,18.9,3.4,2.8,0.0
셰이크,바닐라맛,148,19.59,3.37,6.52,13.63
셰이크,초콜릿맛,119,21.15,3.05,2.7,20.85
식혜,캔,32,7.91,0.06,0.0,5.94
쌀 음료,-,54,11.4,0.2,0.8,0.0
이온 음료,레몬향,37,9.16,0.0,0.0,5.62
젖산 음료,복숭아맛,36,8.85,0.21,0.01,7.32
채소 주스,-,39,8.66,0.86,0.05,7.13
채소 주스,녹즙,28,5.67,0.99,0.11,1.88
탄산 음료,레몬소다,44,10.88,0.0,0.0,9.19
탄산 음료,보리소다,47,11.77,0.0,0.0,9.73
탄산 음료,사이다,40,9.98,0.0,0.0,8.81
탄산 음료,소다수,0,0.0,0.0,0.0,0.0
탄산 음료,오렌지소다,48,12.08,0.0,0.0,10.66
탄산 음료,요구르트소다,47,11.74,0.0,0.0,9.42
탄산 음료,저칼로리콜라,2,0.29,0.11,0.03,0.0
탄산 음료,진저에일,34,8.76,0.0,0.0,8.9
탄산 음료,콜라,38,9.46,0.0,0.0,9.03
탄산 음료,파인애플소다,45,11.3,0.0,0.1,0.0
탄산 음료,포도소다,52,13.07,0.0,0.0,11.17
혼합 음료,비타민C 함유,56,13.89,0.0,0.01,5.68
토닉워터,-,34,8.8,0.0,0.0,8.8
고량주,알코올 50%,355,0.0,0.0,0.0,0.0
돌복숭아주,-,35,7.2,0.1,0.6,0.0
드라이진,-,280,0.1,0.0,0.0,0.0
럼,-,237,0.1,0.0,0.0,0.0
막걸리,알코올 6%,54,1.56,0.98,0.15,0.52
매실주,-,155,20.7,0.1,0.0,0.0
맥주,알코올 4.5%,46,3.27,0.21,0.01,0.17
맥주,알코올 4.2%,45,3.6,0.4,0.0,0.0
보드카,알코올 40%,237,0.0,0.0,0.0,0.0
복분자주,알코올 15%,137,7.49,0.12,0.0,5.38
브랜디,알코올 43%,234,0.0,0.0,0.0,0.0
샴페인,알코올 6%,45,0.5,0.0,0.0,0.0
소주,알코올 17.8%,127,0.08,0.0,0.0,0.0
소주,알코올 25%,178,0.0,0.0,0.0,0.0
오가피주,알코올 13%,107,1.9,1.7,0.0,0.0
위스키,알코올 40%,284,0.07,0.03,0.0,0.02
청주,알코올 16%,132,4.24,0.41,0.0,3.11
칵테일,다이키리,125,15.7,0.0,0.0,0.0
칵테일,알코올 16.8%,149,13.17,0.0,0.03,0.0
칵테일,테킬라썬라이즈,110,11.3,0.3,0.1,0.0
칵테일,알코올 20%,300,37.6,0.0,0.0,0.0
칵테일,알코올 9.9%,237,27.6,0.6,7.6,0.0
포도주,무스카데,82,5.23,0.07,0.0,0.0
포도주,샤르도네,84,2.16,0.07,0.0,0.96
포도주,쇼비뇽블랑,81,2.05,0.07,0.0,0.0
포도주,알코올 12%,96,2.4,0.2,0.0,0.0
포도주,알코올 13%,101,1.85,0.21,0.0,0.02
간장,양조,103,16.54,9.15,0.0,0.0
간장,산분해,54,5.59,7.41,0.19,2.78
간장,재래,34,2.47,5.92,0.03,0.29
겨자 페이스트,-,296,37.36,8.01,12.7,19.5
겨자,가루,413,49.97,18.35,22.68,5.5
계피,가루,343,81.07,3.55,0.51,0.0
고추냉이,가루,299,55.1,29.94,3.45,30.51
고추냉이,페이스트,148,35.81,3.03,1.58,3.18
고추장,개량,205,51.76,3.66,1.38,21.84
고추장,재래,163,35.24,6.06,2.68,14.7
고춧가루,-,319,60.62,13.29,8.4,17.45
골든세이지,말린것,385,73.6,1.6,9.3,0.0
굴 소스,-,219,52.08,2.49,0.05,9.21
깨소금,볶은것,638,13.7,18.1,56.7,0.0
낫토,-,190,12.1,16.5,10.0,0.1
데리야끼 소스,-,89,15.56,5.93,0.02,14.1
된장,개량,193,18.94,13.73,7.25,5.45
된장,찌개용,173,18.5,12.5,5.59,5.4
된장,보리,164,25.3,10.9,2.1,0.0
된장,재래,142,7.26,13.6,6.89,0.41
라면 스프,-,246,37.2,17.4,3.1,0.0
라벤다,말린것,330,63.3,12.6,8.7,0.0
레몬그라스,생것,99,25.31,1.82,0.49,0.0
로즈마리,말린것,331,64.06,4.88,15.22,0.0
마늘,가루,349,66.44,18.62,0.98,2.87
마요네즈,-,682,6.39,0.95,72.56,1.55
마요네즈,저칼로리,341,12.35,0.89,31.97,3.56
맛술,-,146,35.5,0.3,0.3,0.0
미소,-,187,21.84,11.71,6.03,5.55
민트,말린것,294,56.2,17.5,6.1,0.0
바비큐 소스,-,143,33.08,1.38,0.54,25.97
뽕잎,가루,275,54.2,24.2,2.7,0.0
사프란,-,310,65.37,11.43,5.85,0.0
산초,가루,302,68.57,9.66,4.01,0.0
샐러드 드레싱,사우전드아일랜드,287,18.44,1.0,23.23,10.79
샐러드 드레싱,이탈리안,155,16.92,0.33,9.54,9.44
샐러드 드레싱,프렌치,419,18.79,0.87,39.07,17.43
생강,가루,367,71.74,12.55,3.29,2.27
소금,-,0,0.0,0.0,0.0,0.0
소금,죽염,0,0.0,0.01,0.01,0.0
소금,퉁퉁마디,21,5.17,0.0,0.01,0.0
소금,굵은소금,0,0.0,0.0,0.0,0.0
소금,정제염,2,0.39,0.0,0.01,0.0
소금,천일염,20,4.95,0.03,0.0,0.0
소금,가는소금,24,5.99,0.06,0.0,0.0
소금,소금꽃,21,5.3,0.0,0.0,0.0
소금,토판염,16,4.1,0.0,0.0,0.0
소불고기 양념,-,181,42.98,2.17,0.01,28.19
스파게티 소스,병조림,81,13.43,1.52,2.4,6.59
식초,감식초,10,0.9,1.62,0.0,0.0
식초,발사믹,88,17.03,0.49,0.0,14.95
식초,배식초,43,10.5,0.2,0.0,0.0
식초,사과식초,11,2.7,0.0,0.0,0.0
식초,쌀식초,46,7.4,0.2,0.0,0.0
식초,알로에식초,12,3.0,0.1,0.0,0.0
식초,양조,1,0.34,0.02,0.0,0.0
식초,포도식초,22,1.2,0.1,0.0,0.0
식초,현미식초,17,4.18,0.1,0.01,0.0
쌈장,-,240,39.18,9.88,4.81,21.08
양파,가루,363,79.8,8.8,1.1,0.0
오레가노,말린것,265,68.92,9.0,4.28,4.09
올스파이스,가루,364,75.2,5.6,5.6,0.0
우스터 소스,-,77,19.17,0.0,0.0,10.03
월계수,말린것,313,74.97,7.61,8.36,0.0
육두구,가루,520,47.5,5.7,38.5,0.0
정향,가루,398,66.4,7.2,13.6,0.0
조미료,가루,211,32.37,14.12,2.81,4.51
조미료,액상,77,13.02,6.19,0.0,0.0
짜장 소스,가루,351,67.42,10.51,4.33,10.23
짜장 소스,레토르트,93,13.5,2.42,3.22,0.0
짜장 소스,춘장,206,30.46,11.8,4.16,8.06
청국장,-,108,14.9,10.2,0.8,0.0
청국장,가루,411,28.8,38.8,16.4,0.0
청국장,찌개용,136,10.42,10.93,5.88,1.55
초고추장,-,211,53.78,3.79,1.17,36.02
칠리 소스,-,112,26.3,1.8,0.1,0.0
칠리,가루,374,60.1,15.0,8.2,0.0
카레 소스,가루,425,55.76,8.38,18.69,6.66
카레 소스,레토르트,72,11.39,2.47,1.89,7.41
코리아타임,말린것,378,79.2,1.4,6.2,0.0
타라곤,말린것,295,50.22,22.77,7.24,0.0
타임,가루,342,69.8,6.5,5.2,0.0
템페,-,192,7.64,20.29,10.8,0.0
토마토 케첩,-,135,31.73,1.78,0.08,20.76
파슬리,말린것,292,50.64,26.63,5.48,7.27
파프리카,가루,385,55.6,15.5,11.6,0.0
페퍼민트,생것,70,14.89,3.75,0.94,0.0
포크커틀릿 소스,-,133,32.54,0.6,0.02,22.31
핫 소스,-,47,8.8,1.44,0.63,5.72
후추,가루,362,66.33,12.87,5.0,0.65
간짜장,-,127,20.6,3.4,3.4,0.0
갈비탕,-,40,1.3,4.6,1.8,0.0
게살죽,-,71,13.4,2.2,0.9,0.0
고추잡채,-,128,13.1,5.5,6.0,0.0
곰탕,-,83,1.0,10.0,4.3,0.0
김밥,-,158,28.8,3.6,3.2,0.0
김밥,김치 김밥,138,24.3,4.4,2.6,0.0
김밥,샐러드 김밥,162,24.6,3.8,5.4,0.0
김밥,소고기 김밥,161,25.0,6.4,3.9,0.0
김밥,참치 김밥,167,24.5,5.8,5.1,0.0
김치찌개,-,61,3.0,3.8,3.8,0.0
깐풍기,-,295,18.9,13.1,18.5,0.0
깨죽,-,64,9.9,1.7,2.0,0.0
꼬리곰탕,-,110,0.7,14.6,5.4,0.0
난자완스,-,173,9.6,10.8,10.2,0.0
내장탕,-,78,1.9,7.8,4.3,0.0
냉면,물냉면,69,14.1,2.0,0.5,0.0
냉면,비빔냉면,114,22.3,3.6,1.1,0.0
냉면,열무냉면,66,12.2,2.6,0.7,0.0
냉면,회냉면,114,22.2,3.2,1.4,0.0
덮밥,불고기 덮밥,134,20.5,5.7,3.2,0.0
덮밥,오징어 덮밥,136,21.5,6.3,2.8,0.0
덮밥,제육 덮밥,156,23.1,6.0,4.4,0.0
덮밥,참치 덮밥,135,20.6,5.8,3.3,0.0
덮밥,회 덮밥,137,20.7,6.0,3.3,0.0
도가니탕,-,72,0.6,12.6,2.1,0.0
돈저냐,냉동,225,14.1,9.4,14.5,0.0
동태찌개,-,46,1.3,5.8,2.0,0.0
돼지고기 볶음,-,175,9.1,11.5,10.3,0.0
된장찌개,-,37,3.4,2.9,1.3,0.0
떡만둣국,-,89,15.8,2.9,1.6,0.0
떡볶이,-,151,30.2,3.8,1.7,0.0
라면,조리전,369,69.44,8.59,11.47,0.0
라면,조리후,89,14.68,2.0,2.51,0.0
라조기,-,199,13.1,10.3,11.7,0.0
마파두부,-,114,5.4,7.6,6.9,0.0
막국수,-,109,20.9,3.8,1.1,0.0
만두,고기 만두,208,27.79,9.38,6.58,0.49
만두,군만두,274,35.2,7.0,11.7,0.0
만두,김치 만두,187,23.82,8.13,6.59,0.67
만두,물만두,131,15.6,5.6,5.1,0.0
만둣국,-,62,6.8,3.1,2.5,0.0
메밀 냉면 육수,인스턴트,174,42.58,0.83,0.05,30.94
미역국,조리전,323,63.2,9.4,3.6,0.0
볶음밥,김치 볶음밥,151,24.0,4.6,4.1,0.0
볶음밥,새우 볶음밥,175,28.2,4.5,4.9,0.0
볶음밥,오므라이스,162,25.0,4.8,4.8,0.0
북어국,조리전,360,32.2,44.1,6.1,0.0
비빔 국수,-,113,20.0,3.4,2.1,0.0
비빔밥,-,141,23.0,4.0,3.7,0.0
사골국,인스턴트,10,0.3,1.4,0.4,0.0
삼각김밥,고추장 불고기,166,34.1,3.7,1.6,0.0
삼각김밥,숯불갈비,161,32.5,4.0,1.7,0.0
삼각김밥,참치 마요네즈,172,32.0,3.9,3.2,0.0
삼계탕,-,92,4.1,11.5,3.3,0.0
샌드위치,닭고기,250,20.89,16.28,11.19,3.64
샌드위치,생선,257,26.69,10.29,12.45,3.53
샌드위치,소고기,244,22.21,15.17,10.3,3.84
샌드위치,치즈,218,24.8,7.4,9.9,0.0
샌드위치,채소,214,21.55,8.66,10.38,4.67
선짓국,-,42,1.4,6.4,1.2,0.0
소고기버섯죽,-,72,13.6,2.3,0.9,0.0
소고기육개장,-,49,3.0,3.1,2.7,0.0
소머리국밥,-,79,2.2,9.5,3.6,0.0
순대국,-,67,2.2,5.4,4.1,0.0
순두부찌개,-,50,1.9,3.6,3.1,0.0
스파게티,냉동,90,15.24,5.05,1.01,2.6
스프,가루,406,67.1,11.3,10.3,0.0
스프,끓인것,7,0.04,1.14,0.22,0.0
알밥,-,155,29.2,3.6,2.6,0.0
알탕,-,61,1.6,9.5,1.8,0.0
양장피,-,92,7.8,6.6,3.8,0.0
연잎밥,-,207,47.0,4.0,0.3,0.0
우동,일식 우동,60,10.6,1.9,1.1,0.0
우동,중식 우동,65,8.5,2.9,2.1,0.0
육회,-,153,9.4,14.9,6.2,0.0
잡채밥,-,136,24.5,3.0,2.9,0.0
잡탕밥,-,104,14.0,5.9,2.7,0.0
전복죽,-,74,14.3,1.6,1.2,0.0
짜장면,-,122,20.6,3.0,3.1,0.0
짜장밥,-,149,24.0,3.0,4.5,0.0
짬뽕,-,69,10.1,2.8,1.9,0.0
쫄면,-,133,24.3,4.1,2.2,0.0
청국장 찌개,-,68,2.6,5.6,3.9,0.0
초밥,광어 초밥,151,25.8,9.0,1.3,0.0
초밥,모듬 초밥,154,25.5,8.5,2.0,0.0
초밥,유부 초밥,165,31.26,4.32,2.51,2.11
추어탕,-,49,2.9,3.5,2.6,0.0
카레라이스,-,134,25.2,2.7,2.5,0.0
칼국수,해물,70,13.8,2.5,0.5,0.0
콩국수,-,83,14.0,3.9,1.3,0.0
콩나물해장국,-,32,1.7,3.4,1.3,0.0
크로켓,냉동,157,25.3,4.6,4.9,0.0
탕수육,-,228,25.9,8.7,10.0,0.0
튀김,김말이튀김,251,32.1,2.4,12.5,0.0
튀김,채소튀김,321,37.6,3.6,17.3,0.0
팔보채,-,81,3.8,8.5,3.5,0.0
팥죽,-,83,16.3,3.1,0.6,0.0
팥죽,레토르트,117,24.4,3.9,0.4,0.0
피자,냉동,233,30.4,11.3,7.3,0.0
핫도그,냉동,267,34.97,8.09,10.55,7.02
햄버거,소고기패티,271,35.76,11.94,8.94,6.59
햄버거,양파,229,18.01,9.55,13.23,4.78
호박죽,-,74,14.9,1.2,1.1,0.0
갈색 거저리,생것,195,0.83,23.19,11.0,0.97
갈색 거저리,말린것,537,14.41,51.39,30.43,1.95
고로쇠나무,수액,5,1.44,0.0,0.02,1.08
누에,가루,482,10.06,50.85,26.53,0.0
누에,생것,126,1.95,12.62,7.55,0.0
누에,말린것,224,3.7,22.3,13.3,0.0
누에,통조림,99,0.0,9.6,6.7,0.0
단백질 보충제,가루,411,18.5,45.71,17.14,5.71
달팽이,통조림,75,0.8,16.5,1.0,0.0
달팽이,생것,90,2.0,16.1,1.4,0.0
대나무,추출,2,0.2,0.0,0.1,0.0
메뚜기,생것,125,1.86,24.29,2.26,0.0
삼백초,말린것,301,67.0,12.1,3.8,0.0
솔잎,생것,161,32.9,4.5,3.9,0.0
솔잎,추출,8,2.1,0.1,0.0,0.0
송화,가루,340,63.2,17.4,8.6,0.0
수세미,수액,4,0.7,0.8,0.0,0.0
쌍별귀뚜라미,생것,130,3.39,22.45,0.0,0.0
인삼,말린것,316,69.8,15.7,0.5,0.0
인삼,생것,90,18.85,4.12,0.76,8.1
인삼,삶은것,86,18.23,3.54,0.69,9.18
인삼,추출,15,3.32,0.33,0.01,1.19
장수풍뎅이,말린것,502,19.55,44.62,27.21,0.0
치자꽃,생것,66,14.9,1.3,0.1,0.0
팽창제,베이킹파우더,51,24.1,0.1,0.0,0.0
팽창제,말린것,307,43.1,37.1,6.8,0.1
프로폴리스,-,642,46.9,0.5,50.3,0.0
흰점박이 꽃무지,생것,122,2.9,15.78,5.2,0.0
흰점박이 꽃무지,말린것,463,19.99,54.13,18.52,0.18